Code Domaine,Domaine,Code zone (FAO),Zone,Code Élément,Élément,Code Produit,Produit,Code année,Année,Unité,Valeur,Symbole,Description du Symbole
"FBS","Bilans Alimentaires (2014-)","2","Afghanistan","5611","Importations - Quantité","2734","Viande de Volailles","2017","2017","Milliers de tonnes","29","Im","Données de la FAO basées sur une méthodologie d'imputation"
"FBS","Bilans Alimentaires (2014-)","2","Afghanistan","5611","Importations - Quantité","2734","Viande de Volailles","2018","2018","Milliers de tonnes","25","Im","Données de la FAO basées sur une méthodologie d'imputation"
"FBS","Bilans Alimentaires (2014-)","202","Afrique du Sud","5611","Importations - Quantité","2734","Viande de Volailles","2017","2017","Milliers de tonnes","514","Im","Données de la FAO basées sur une méthodologie d'imputation"
"FBS","Bilans Alimentaires (2014-)","202","Afrique du Sud","5611","Importations - Quantité","2734","Viande de Volailles","2018","2018","Milliers de tonnes","515","Im","Données de la FAO basées sur une méthodologie d'imputation"
"FBS","Bilans Alimentaires (2014-)","3","Albanie","5611","Importations - Quantité","2734","Viande de Volailles","2017","2017","Milliers de tonnes","20","Im","Données de la FAO basées sur une méthodologie d'imputation"
"FBS","Bilans Alimentaires (2014-)","3","Albanie","5611","Importations - Quantité","2734","Viande de Volailles","2018","2018","Milliers de tonnes","12","Im","Données de la FAO basées sur une méthodologie d'imputation"
"FBS","Bilans Alimentaires (2014-)","4","Algérie","5611","Importations - Quantité","2734","Viande de Volailles","2017","2017","Milliers de tonnes","2","Im","Données de la FAO basées sur une méthodologie d'imputation"
"FBS","Bilans Alimentaires (2014-)","4","Algérie","5611","Importations - Quantité","2734","Viande de Volailles","2018","2018","Milliers de tonnes","0","Im","Données de la FAO basées sur une méthodologie d'imputation"
"FBS","Bilans Alimentaires (2014-)","79","Allemagne","5611","Importations - Quantité","2734","Viande de Volailles","2017","2017","Milliers de tonnes","842","Im","Données de la FAO basées sur une méthodologie d'imputation"
"FBS","Bilans Alimentaires (2014-)","79","Allemagne","5611","Importations - Quantité","2734","Viande de Volailles","2018","2018","Milliers de tonnes","871","Im","Données de la FAO basées sur une méthodologie d'imputation"
"FBS","Bilans Alimentaires (2014-)","7","Angola","5611","Importations - Quantité","2734","Viande de Volailles","2017","2017","Milliers de tonnes","277","Im","Données de la FAO basées sur une méthodologie d'imputation"
"FBS","Bilans Alimentaires (2014-)","7","Angola","5611","Importations - Quantité","2734","Viande de Volailles","2018","2018","Milliers de tonnes","335","Im","Données de la FAO basées sur une méthodologie d'imputation"
"FBS","Bilans Alimentaires (2014-)","8","Antigua-et-Barbuda","5611","Importations - Quantité","2734","Viande de Volailles","2017","2017","Milliers de tonnes","7","Im","Données de la FAO basées sur une méthodologie d'imputation"
"FBS","Bilans Alimentaires (2014-)","8","Antigua-et-Barbuda","5611","Importations - Quantité","2734","Viande de Volailles","2018","2018","Milliers de tonnes","7","Im","Données de la FAO basées sur une méthodologie d'imputation"
"FBS","Bilans Alimentaires (2014-)","194","Arabie saoudite","5611","Importations - Quantité","2734","Viande de Volailles","2017","2017","Milliers de tonnes","744","Im","Données de la FAO basées sur une méthodologie d'imputation"
"FBS","Bilans Alimentaires (2014-)","194","Arabie saoudite","5611","Importations - Quantité","2734","Viande de Volailles","2018","2018","Milliers de tonnes","640","Im","Données de la FAO basées sur une méthodologie d'imputation"
"FBS","Bilans Alimentaires (2014-)","9","Argentine","5611","Importations - Quantité","2734","Viande de Volailles","2017","2017","Milliers de tonnes","8","Im","Données de la FAO basées sur une méthodologie d'imputation"
"FBS","Bilans Alimentaires (2014-)","9","Argentine","5611","Importations - Quantité","2734","Viande de Volailles","2018","2018","Milliers de tonnes","13","Im","Données de la FAO basées sur une méthodologie d'imputation"
"FBS","Bilans Alimentaires (2014-)","1","Arménie","5611","Importations - Quantité","2734","Viande de Volailles","2017","2017","Milliers de tonnes","35","Im","Données de la FAO basées sur une méthodologie d'imputation"
"FBS","Bilans Alimentaires (2014-)","1","Arménie","5611","Importations - Quantité","2734","Viande de Volailles","2018","2018","Milliers de tonnes","33","Im","Données de la FAO basées sur une méthodologie d'imputation"
"FBS","Bilans Alimentaires (2014-)","10","Australie","5611","Importations - Quantité","2734","Viande de Volailles","2017","2017","Milliers de tonnes","16","Im","Données de la FAO basées sur une méthodologie d'imputation"
"FBS","Bilans Alimentaires (2014-)","10","Australie","5611","Importations - Quantité","2734","Viande de Volailles","2018","2018","Milliers de tonnes","16","Im","Données de la FAO basées sur une méthodologie d'imputation"
"FBS","Bilans Alimentaires (2014-)","11","Autriche","5611","Importations - Quantité","2734","Viande de Volailles","2017","2017","Milliers de tonnes","110","Im","Données de la FAO basées sur une méthodologie d'imputation"
"FBS","Bilans Alimentaires (2014-)","11","Autriche","5611","Importations - Quantité","2734","Viande de Volailles","2018","2018","Milliers de tonnes","114","Im","Données de la FAO basées sur une méthodologie d'imputation"
"FBS","Bilans Alimentaires (2014-)","52","Azerbaïdjan","5611","Importations - Quantité","2734","Viande de Volailles","2017","2017","Milliers de tonnes","27","Im","Données de la FAO basées sur une méthodologie d'imputation"
"FBS","Bilans Alimentaires (2014-)","52","Azerbaïdjan","5611","Importations - Quantité","2734","Viande de Volailles","2018","2018","Milliers de tonnes","35","Im","Données de la FAO basées sur une méthodologie d'imputation"
"FBS","Bilans Alimentaires (2014-)","12","Bahamas","5611","Importations - Quantité","2734","Viande de Volailles","2017","2017","Milliers de tonnes","26","Im","Données de la FAO basées sur une méthodologie d'imputation"
"FBS","Bilans Alimentaires (2014-)","12","Bahamas","5611","Importations - Quantité","2734","Viande de Volailles","2018","2018","Milliers de tonnes","26","Im","Données de la FAO basées sur une méthodologie d'imputation"
"FBS","Bilans Alimentaires (2014-)","16","Bangladesh","5611","Importations - Quantité","2734","Viande de Volailles","2017","2017","Milliers de tonnes","0","Im","Données de la FAO basées sur une méthodologie d'imputation"
"FBS","Bilans Alimentaires (2014-)","16","Bangladesh","5611","Importations - Quantité","2734","Viande de Volailles","2018","2018","Milliers de tonnes","0","Im","Données de la FAO basées sur une méthodologie d'imputation"
"FBS","Bilans Alimentaires (2014-)","14","Barbade","5611","Importations - Quantité","2734","Viande de Volailles","2017","2017","Milliers de tonnes","2","Im","Données de la FAO basées sur une méthodologie d'imputation"
"FBS","Bilans Alimentaires (2014-)","14","Barbade","5611","Importations - Quantité","2734","Viande de Volailles","2018","2018","Milliers de tonnes","2","Im","Données de la FAO basées sur une méthodologie d'imputation"
"FBS","Bilans Alimentaires (2014-)","57","Bélarus","5611","Importations - Quantité","2734","Viande de Volailles","2017","2017","Milliers de tonnes","21","Im","Données de la FAO basées sur une méthodologie d'imputation"
"FBS","Bilans Alimentaires (2014-)","57","Bélarus","5611","Importations - Quantité","2734","Viande de Volailles","2018","2018","Milliers de tonnes","11","Im","Données de la FAO basées sur une méthodologie d'imputation"
"FBS","Bilans Alimentaires (2014-)","255","Belgique","5611","Importations - Quantité","2734","Viande de Volailles","2017","2017","Milliers de tonnes","312","Im","Données de la FAO basées sur une méthodologie d'imputation"
"FBS","Bilans Alimentaires (2014-)","255","Belgique","5611","Importations - Quantité","2734","Viande de Volailles","2018","2018","Milliers de tonnes","303","Im","Données de la FAO basées sur une méthodologie d'imputation"
"FBS","Bilans Alimentaires (2014-)","23","Belize","5611","Importations - Quantité","2734","Viande de Volailles","2017","2017","Milliers de tonnes","0","Im","Données de la FAO basées sur une méthodologie d'imputation"
"FBS","Bilans Alimentaires (2014-)","23","Belize","5611","Importations - Quantité","2734","Viande de Volailles","2018","2018","Milliers de tonnes","0","Im","Données de la FAO basées sur une méthodologie d'imputation"
"FBS","Bilans Alimentaires (2014-)","53","Bénin","5611","Importations - Quantité","2734","Viande de Volailles","2017","2017","Milliers de tonnes","113","Im","Données de la FAO basées sur une méthodologie d'imputation"
"FBS","Bilans Alimentaires (2014-)","53","Bénin","5611","Importations - Quantité","2734","Viande de Volailles","2018","2018","Milliers de tonnes","117","Im","Données de la FAO basées sur une méthodologie d'imputation"
"FBS","Bilans Alimentaires (2014-)","19","Bolivie (État plurinational de)","5611","Importations - Quantité","2734","Viande de Volailles","2017","2017","Milliers de tonnes","1","Im","Données de la FAO basées sur une méthodologie d'imputation"
"FBS","Bilans Alimentaires (2014-)","19","Bolivie (État plurinational de)","5611","Importations - Quantité","2734","Viande de Volailles","2018","2018","Milliers de tonnes","0","Im","Données de la FAO basées sur une méthodologie d'imputation"
"FBS","Bilans Alimentaires (2014-)","80","Bosnie-Herzégovine","5611","Importations - Quantité","2734","Viande de Volailles","2017","2017","Milliers de tonnes","10","Im","Données de la FAO basées sur une méthodologie d'imputation"
"FBS","Bilans Alimentaires (2014-)","80","Bosnie-Herzégovine","5611","Importations - Quantité","2734","Viande de Volailles","2018","2018","Milliers de tonnes","12","Im","Données de la FAO basées sur une méthodologie d'imputation"
"FBS","Bilans Alimentaires (2014-)","20","Botswana","5611","Importations - Quantité","2734","Viande de Volailles","2017","2017","Milliers de tonnes","3","Im","Données de la FAO basées sur une méthodologie d'imputation"
"FBS","Bilans Alimentaires (2014-)","20","Botswana","5611","Importations - Quantité","2734","Viande de Volailles","2018","2018","Milliers de tonnes","5","Im","Données de la FAO basées sur une méthodologie d'imputation"
"FBS","Bilans Alimentaires (2014-)","21","Brésil","5611","Importations - Quantité","2734","Viande de Volailles","2017","2017","Milliers de tonnes","3","Im","Données de la FAO basées sur une méthodologie d'imputation"
"FBS","Bilans Alimentaires (2014-)","21","Brésil","5611","Importations - Quantité","2734","Viande de Volailles","2018","2018","Milliers de tonnes","3","Im","Données de la FAO basées sur une méthodologie d'imputation"
"FBS","Bilans Alimentaires (2014-)","27","Bulgarie","5611","Importations - Quantité","2734","Viande de Volailles","2017","2017","Milliers de tonnes","108","Im","Données de la FAO basées sur une méthodologie d'imputation"
"FBS","Bilans Alimentaires (2014-)","27","Bulgarie","5611","Importations - Quantité","2734","Viande de Volailles","2018","2018","Milliers de tonnes","108","Im","Données de la FAO basées sur une méthodologie d'imputation"
"FBS","Bilans Alimentaires (2014-)","233","Burkina Faso","5611","Importations - Quantité","2734","Viande de Volailles","2017","2017","Milliers de tonnes","0","Im","Données de la FAO basées sur une méthodologie d'imputation"
"FBS","Bilans Alimentaires (2014-)","233","Burkina Faso","5611","Importations - Quantité","2734","Viande de Volailles","2018","2018","Milliers de tonnes","0","Im","Données de la FAO basées sur une méthodologie d'imputation"
"FBS","Bilans Alimentaires (2014-)","35","Cabo Verde","5611","Importations - Quantité","2734","Viande de Volailles","2017","2017","Milliers de tonnes","12","Im","Données de la FAO basées sur une méthodologie d'imputation"
"FBS","Bilans Alimentaires (2014-)","35","Cabo Verde","5611","Importations - Quantité","2734","Viande de Volailles","2018","2018","Milliers de tonnes","13","Im","Données de la FAO basées sur une méthodologie d'imputation"
"FBS","Bilans Alimentaires (2014-)","115","Cambodge","5611","Importations - Quantité","2734","Viande de Volailles","2017","2017","Milliers de tonnes","10","Im","Données de la FAO basées sur une méthodologie d'imputation"
"FBS","Bilans Alimentaires (2014-)","115","Cambodge","5611","Importations - Quantité","2734","Viande de Volailles","2018","2018","Milliers de tonnes","15","Im","Données de la FAO basées sur une méthodologie d'imputation"
"FBS","Bilans Alimentaires (2014-)","32","Cameroun","5611","Importations - Quantité","2734","Viande de Volailles","2017","2017","Milliers de tonnes","0","Im","Données de la FAO basées sur une méthodologie d'imputation"
"FBS","Bilans Alimentaires (2014-)","32","Cameroun","5611","Importations - Quantité","2734","Viande de Volailles","2018","2018","Milliers de tonnes","2","Im","Données de la FAO basées sur une méthodologie d'imputation"
"FBS","Bilans Alimentaires (2014-)","33","Canada","5611","Importations - Quantité","2734","Viande de Volailles","2017","2017","Milliers de tonnes","182","Im","Données de la FAO basées sur une méthodologie d'imputation"
"FBS","Bilans Alimentaires (2014-)","33","Canada","5611","Importations - Quantité","2734","Viande de Volailles","2018","2018","Milliers de tonnes","177","Im","Données de la FAO basées sur une méthodologie d'imputation"
"FBS","Bilans Alimentaires (2014-)","40","Chili","5611","Importations - Quantité","2734","Viande de Volailles","2017","2017","Milliers de tonnes","149","Im","Données de la FAO basées sur une méthodologie d'imputation"
"FBS","Bilans Alimentaires (2014-)","40","Chili","5611","Importations - Quantité","2734","Viande de Volailles","2018","2018","Milliers de tonnes","160","Im","Données de la FAO basées sur une méthodologie d'imputation"
"FBS","Bilans Alimentaires (2014-)","50","Chypre","5611","Importations - Quantité","2734","Viande de Volailles","2017","2017","Milliers de tonnes","14","Im","Données de la FAO basées sur une méthodologie d'imputation"
"FBS","Bilans Alimentaires (2014-)","50","Chypre","5611","Importations - Quantité","2734","Viande de Volailles","2018","2018","Milliers de tonnes","14","Im","Données de la FAO basées sur une méthodologie d'imputation"
"FBS","Bilans Alimentaires (2014-)","44","Colombie","5611","Importations - Quantité","2734","Viande de Volailles","2017","2017","Milliers de tonnes","78","Im","Données de la FAO basées sur une méthodologie d'imputation"
"FBS","Bilans Alimentaires (2014-)","44","Colombie","5611","Importations - Quantité","2734","Viande de Volailles","2018","2018","Milliers de tonnes","90","Im","Données de la FAO basées sur une méthodologie d'imputation"
"FBS","Bilans Alimentaires (2014-)","46","Congo","5611","Importations - Quantité","2734","Viande de Volailles","2017","2017","Milliers de tonnes","104","Im","Données de la FAO basées sur une méthodologie d'imputation"
"FBS","Bilans Alimentaires (2014-)","46","Congo","5611","Importations - Quantité","2734","Viande de Volailles","2018","2018","Milliers de tonnes","122","Im","Données de la FAO basées sur une méthodologie d'imputation"
"FBS","Bilans Alimentaires (2014-)","48","Costa Rica","5611","Importations - Quantité","2734","Viande de Volailles","2017","2017","Milliers de tonnes","17","Im","Données de la FAO basées sur une méthodologie d'imputation"
"FBS","Bilans Alimentaires (2014-)","48","Costa Rica","5611","Importations - Quantité","2734","Viande de Volailles","2018","2018","Milliers de tonnes","15","Im","Données de la FAO basées sur une méthodologie d'imputation"
"FBS","Bilans Alimentaires (2014-)","107","Côte d'Ivoire","5611","Importations - Quantité","2734","Viande de Volailles","2017","2017","Milliers de tonnes","1","Im","Données de la FAO basées sur une méthodologie d'imputation"
"FBS","Bilans Alimentaires (2014-)","107","Côte d'Ivoire","5611","Importations - Quantité","2734","Viande de Volailles","2018","2018","Milliers de tonnes","1","Im","Données de la FAO basées sur une méthodologie d'imputation"
"FBS","Bilans Alimentaires (2014-)","98","Croatie","5611","Importations - Quantité","2734","Viande de Volailles","2017","2017","Milliers de tonnes","24","Im","Données de la FAO basées sur une méthodologie d'imputation"
"FBS","Bilans Alimentaires (2014-)","98","Croatie","5611","Importations - Quantité","2734","Viande de Volailles","2018","2018","Milliers de tonnes","26","Im","Données de la FAO basées sur une méthodologie d'imputation"
"FBS","Bilans Alimentaires (2014-)","49","Cuba","5611","Importations - Quantité","2734","Viande de Volailles","2017","2017","Milliers de tonnes","312","Im","Données de la FAO basées sur une méthodologie d'imputation"
"FBS","Bilans Alimentaires (2014-)","49","Cuba","5611","Importations - Quantité","2734","Viande de Volailles","2018","2018","Milliers de tonnes","284","Im","Données de la FAO basées sur une méthodologie d'imputation"
"FBS","Bilans Alimentaires (2014-)","54","Danemark","5611","Importations - Quantité","2734","Viande de Volailles","2017","2017","Milliers de tonnes","133","Im","Données de la FAO basées sur une méthodologie d'imputation"
"FBS","Bilans Alimentaires (2014-)","54","Danemark","5611","Importations - Quantité","2734","Viande de Volailles","2018","2018","Milliers de tonnes","141","Im","Données de la FAO basées sur une méthodologie d'imputation"
"FBS","Bilans Alimentaires (2014-)","72","Djibouti","5611","Importations - Quantité","2734","Viande de Volailles","2017","2017","Milliers de tonnes","3","Im","Données de la FAO basées sur une méthodologie d'imputation"
"FBS","Bilans Alimentaires (2014-)","72","Djibouti","5611","Importations - Quantité","2734","Viande de Volailles","2018","2018","Milliers de tonnes","3","Im","Données de la FAO basées sur une méthodologie d'imputation"
"FBS","Bilans Alimentaires (2014-)","55","Dominique","5611","Importations - Quantité","2734","Viande de Volailles","2017","2017","Milliers de tonnes","4","Im","Données de la FAO basées sur une méthodologie d'imputation"
"FBS","Bilans Alimentaires (2014-)","55","Dominique","5611","Importations - Quantité","2734","Viande de Volailles","2018","2018","Milliers de tonnes","4","Im","Données de la FAO basées sur une méthodologie d'imputation"
"FBS","Bilans Alimentaires (2014-)","59","Égypte","5611","Importations - Quantité","2734","Viande de Volailles","2017","2017","Milliers de tonnes","133","Im","Données de la FAO basées sur une méthodologie d'imputation"
"FBS","Bilans Alimentaires (2014-)","59","Égypte","5611","Importations - Quantité","2734","Viande de Volailles","2018","2018","Milliers de tonnes","46","Im","Données de la FAO basées sur une méthodologie d'imputation"
"FBS","Bilans Alimentaires (2014-)","60","El Salvador","5611","Importations - Quantité","2734","Viande de Volailles","2017","2017","Milliers de tonnes","16","Im","Données de la FAO basées sur une méthodologie d'imputation"
"FBS","Bilans Alimentaires (2014-)","60","El Salvador","5611","Importations - Quantité","2734","Viande de Volailles","2018","2018","Milliers de tonnes","20","Im","Données de la FAO basées sur une méthodologie d'imputation"
"FBS","Bilans Alimentaires (2014-)","225","Émirats arabes unis","5611","Importations - Quantité","2734","Viande de Volailles","2017","2017","Milliers de tonnes","465","Im","Données de la FAO basées sur une méthodologie d'imputation"
"FBS","Bilans Alimentaires (2014-)","225","Émirats arabes unis","5611","Importations - Quantité","2734","Viande de Volailles","2018","2018","Milliers de tonnes","609","Im","Données de la FAO basées sur une méthodologie d'imputation"
"FBS","Bilans Alimentaires (2014-)","58","Équateur","5611","Importations - Quantité","2734","Viande de Volailles","2017","2017","Milliers de tonnes","0","Im","Données de la FAO basées sur une méthodologie d'imputation"
"FBS","Bilans Alimentaires (2014-)","58","Équateur","5611","Importations - Quantité","2734","Viande de Volailles","2018","2018","Milliers de tonnes","0","Im","Données de la FAO basées sur une méthodologie d'imputation"
"FBS","Bilans Alimentaires (2014-)","203","Espagne","5611","Importations - Quantité","2734","Viande de Volailles","2017","2017","Milliers de tonnes","205","Im","Données de la FAO basées sur une méthodologie d'imputation"
"FBS","Bilans Alimentaires (2014-)","203","Espagne","5611","Importations - Quantité","2734","Viande de Volailles","2018","2018","Milliers de tonnes","189","Im","Données de la FAO basées sur une méthodologie d'imputation"
"FBS","Bilans Alimentaires (2014-)","63","Estonie","5611","Importations - Quantité","2734","Viande de Volailles","2017","2017","Milliers de tonnes","21","Im","Données de la FAO basées sur une méthodologie d'imputation"
"FBS","Bilans Alimentaires (2014-)","63","Estonie","5611","Importations - Quantité","2734","Viande de Volailles","2018","2018","Milliers de tonnes","30","Im","Données de la FAO basées sur une méthodologie d'imputation"
"FBS","Bilans Alimentaires (2014-)","209","Eswatini","5611","Importations - Quantité","2734","Viande de Volailles","2017","2017","Milliers de tonnes","2","Im","Données de la FAO basées sur une méthodologie d'imputation"
"FBS","Bilans Alimentaires (2014-)","209","Eswatini","5611","Importations - Quantité","2734","Viande de Volailles","2018","2018","Milliers de tonnes","2","Im","Données de la FAO basées sur une méthodologie d'imputation"
"FBS","Bilans Alimentaires (2014-)","231","États-Unis d'Amérique","5611","Importations - Quantité","2734","Viande de Volailles","2017","2017","Milliers de tonnes","123","Im","Données de la FAO basées sur une méthodologie d'imputation"
"FBS","Bilans Alimentaires (2014-)","231","États-Unis d'Amérique","5611","Importations - Quantité","2734","Viande de Volailles","2018","2018","Milliers de tonnes","128","Im","Données de la FAO basées sur une méthodologie d'imputation"
"FBS","Bilans Alimentaires (2014-)","238","Éthiopie","5611","Importations - Quantité","2734","Viande de Volailles","2017","2017","Milliers de tonnes","1","Im","Données de la FAO basées sur une méthodologie d'imputation"
"FBS","Bilans Alimentaires (2014-)","238","Éthiopie","5611","Importations - Quantité","2734","Viande de Volailles","2018","2018","Milliers de tonnes","1","Im","Données de la FAO basées sur une méthodologie d'imputation"
"FBS","Bilans Alimentaires (2014-)","185","Fédération de Russie","5611","Importations - Quantité","2734","Viande de Volailles","2017","2017","Milliers de tonnes","226","Im","Données de la FAO basées sur une méthodologie d'imputation"
"FBS","Bilans Alimentaires (2014-)","185","Fédération de Russie","5611","Importations - Quantité","2734","Viande de Volailles","2018","2018","Milliers de tonnes","225","Im","Données de la FAO basées sur une méthodologie d'imputation"
"FBS","Bilans Alimentaires (2014-)","66","Fidji","5611","Importations - Quantité","2734","Viande de Volailles","2017","2017","Milliers de tonnes","3","Im","Données de la FAO basées sur une méthodologie d'imputation"
"FBS","Bilans Alimentaires (2014-)","66","Fidji","5611","Importations - Quantité","2734","Viande de Volailles","2018","2018","Milliers de tonnes","5","Im","Données de la FAO basées sur une méthodologie d'imputation"
"FBS","Bilans Alimentaires (2014-)","67","Finlande","5611","Importations - Quantité","2734","Viande de Volailles","2017","2017","Milliers de tonnes","16","Im","Données de la FAO basées sur une méthodologie d'imputation"
"FBS","Bilans Alimentaires (2014-)","67","Finlande","5611","Importations - Quantité","2734","Viande de Volailles","2018","2018","Milliers de tonnes","17","Im","Données de la FAO basées sur une méthodologie d'imputation"
"FBS","Bilans Alimentaires (2014-)","68","France","5611","Importations - Quantité","2734","Viande de Volailles","2017","2017","Milliers de tonnes","506","Im","Données de la FAO basées sur une méthodologie d'imputation"
"FBS","Bilans Alimentaires (2014-)","68","France","5611","Importations - Quantité","2734","Viande de Volailles","2018","2018","Milliers de tonnes","533","Im","Données de la FAO basées sur une méthodologie d'imputation"
"FBS","Bilans Alimentaires (2014-)","74","Gabon","5611","Importations - Quantité","2734","Viande de Volailles","2017","2017","Milliers de tonnes","76","Im","Données de la FAO basées sur une méthodologie d'imputation"
"FBS","Bilans Alimentaires (2014-)","74","Gabon","5611","Importations - Quantité","2734","Viande de Volailles","2018","2018","Milliers de tonnes","80","Im","Données de la FAO basées sur une méthodologie d'imputation"
"FBS","Bilans Alimentaires (2014-)","75","Gambie","5611","Importations - Quantité","2734","Viande de Volailles","2017","2017","Milliers de tonnes","16","Im","Données de la FAO basées sur une méthodologie d'imputation"
"FBS","Bilans Alimentaires (2014-)","75","Gambie","5611","Importations - Quantité","2734","Viande de Volailles","2018","2018","Milliers de tonnes","21","Im","Données de la FAO basées sur une méthodologie d'imputation"
"FBS","Bilans Alimentaires (2014-)","73","Géorgie","5611","Importations - Quantité","2734","Viande de Volailles","2017","2017","Milliers de tonnes","51","Im","Données de la FAO basées sur une méthodologie d'imputation"
"FBS","Bilans Alimentaires (2014-)","73","Géorgie","5611","Importations - Quantité","2734","Viande de Volailles","2018","2018","Milliers de tonnes","51","Im","Données de la FAO basées sur une méthodologie d'imputation"
"FBS","Bilans Alimentaires (2014-)","81","Ghana","5611","Importations - Quantité","2734","Viande de Volailles","2017","2017","Milliers de tonnes","151","Im","Données de la FAO basées sur une méthodologie d'imputation"
"FBS","Bilans Alimentaires (2014-)","81","Ghana","5611","Importations - Quantité","2734","Viande de Volailles","2018","2018","Milliers de tonnes","205","Im","Données de la FAO basées sur une méthodologie d'imputation"
"FBS","Bilans Alimentaires (2014-)","84","Grèce","5611","Importations - Quantité","2734","Viande de Volailles","2017","2017","Milliers de tonnes","79","Im","Données de la FAO basées sur une méthodologie d'imputation"
"FBS","Bilans Alimentaires (2014-)","84","Grèce","5611","Importations - Quantité","2734","Viande de Volailles","2018","2018","Milliers de tonnes","82","Im","Données de la FAO basées sur une méthodologie d'imputation"
"FBS","Bilans Alimentaires (2014-)","86","Grenade","5611","Importations - Quantité","2734","Viande de Volailles","2017","2017","Milliers de tonnes","7","Im","Données de la FAO basées sur une méthodologie d'imputation"
"FBS","Bilans Alimentaires (2014-)","86","Grenade","5611","Importations - Quantité","2734","Viande de Volailles","2018","2018","Milliers de tonnes","7","Im","Données de la FAO basées sur une méthodologie d'imputation"
"FBS","Bilans Alimentaires (2014-)","89","Guatemala","5611","Importations - Quantité","2734","Viande de Volailles","2017","2017","Milliers de tonnes","129","Im","Données de la FAO basées sur une méthodologie d'imputation"
"FBS","Bilans Alimentaires (2014-)","89","Guatemala","5611","Importations - Quantité","2734","Viande de Volailles","2018","2018","Milliers de tonnes","118","Im","Données de la FAO basées sur une méthodologie d'imputation"
"FBS","Bilans Alimentaires (2014-)","90","Guinée","5611","Importations - Quantité","2734","Viande de Volailles","2017","2017","Milliers de tonnes","37","Im","Données de la FAO basées sur une méthodologie d'imputation"
"FBS","Bilans Alimentaires (2014-)","90","Guinée","5611","Importations - Quantité","2734","Viande de Volailles","2018","2018","Milliers de tonnes","43","Im","Données de la FAO basées sur une méthodologie d'imputation"
"FBS","Bilans Alimentaires (2014-)","175","Guinée-Bissau","5611","Importations - Quantité","2734","Viande de Volailles","2017","2017","Milliers de tonnes","4","Im","Données de la FAO basées sur une méthodologie d'imputation"
"FBS","Bilans Alimentaires (2014-)","175","Guinée-Bissau","5611","Importations - Quantité","2734","Viande de Volailles","2018","2018","Milliers de tonnes","4","Im","Données de la FAO basées sur une méthodologie d'imputation"
"FBS","Bilans Alimentaires (2014-)","91","Guyana","5611","Importations - Quantité","2734","Viande de Volailles","2017","2017","Milliers de tonnes","0","Im","Données de la FAO basées sur une méthodologie d'imputation"
"FBS","Bilans Alimentaires (2014-)","91","Guyana","5611","Importations - Quantité","2734","Viande de Volailles","2018","2018","Milliers de tonnes","1","Im","Données de la FAO basées sur une méthodologie d'imputation"
"FBS","Bilans Alimentaires (2014-)","93","Haïti","5611","Importations - Quantité","2734","Viande de Volailles","2017","2017","Milliers de tonnes","88","Im","Données de la FAO basées sur une méthodologie d'imputation"
"FBS","Bilans Alimentaires (2014-)","93","Haïti","5611","Importations - Quantité","2734","Viande de Volailles","2018","2018","Milliers de tonnes","97","Im","Données de la FAO basées sur une méthodologie d'imputation"
"FBS","Bilans Alimentaires (2014-)","95","Honduras","5611","Importations - Quantité","2734","Viande de Volailles","2017","2017","Milliers de tonnes","12","Im","Données de la FAO basées sur une méthodologie d'imputation"
"FBS","Bilans Alimentaires (2014-)","95","Honduras","5611","Importations - Quantité","2734","Viande de Volailles","2018","2018","Milliers de tonnes","18","Im","Données de la FAO basées sur une méthodologie d'imputation"
"FBS","Bilans Alimentaires (2014-)","97","Hongrie","5611","Importations - Quantité","2734","Viande de Volailles","2017","2017","Milliers de tonnes","58","Im","Données de la FAO basées sur une méthodologie d'imputation"
"FBS","Bilans Alimentaires (2014-)","97","Hongrie","5611","Importations - Quantité","2734","Viande de Volailles","2018","2018","Milliers de tonnes","61","Im","Données de la FAO basées sur une méthodologie d'imputation"
"FBS","Bilans Alimentaires (2014-)","25","Îles Salomon","5611","Importations - Quantité","2734","Viande de Volailles","2017","2017","Milliers de tonnes","5","Im","Données de la FAO basées sur une méthodologie d'imputation"
"FBS","Bilans Alimentaires (2014-)","25","Îles Salomon","5611","Importations - Quantité","2734","Viande de Volailles","2018","2018","Milliers de tonnes","5","Im","Données de la FAO basées sur une méthodologie d'imputation"
"FBS","Bilans Alimentaires (2014-)","100","Inde","5611","Importations - Quantité","2734","Viande de Volailles","2017","2017","Milliers de tonnes","0","Im","Données de la FAO basées sur une méthodologie d'imputation"
"FBS","Bilans Alimentaires (2014-)","100","Inde","5611","Importations - Quantité","2734","Viande de Volailles","2018","2018","Milliers de tonnes","0","Im","Données de la FAO basées sur une méthodologie d'imputation"
"FBS","Bilans Alimentaires (2014-)","101","Indonésie","5611","Importations - Quantité","2734","Viande de Volailles","2017","2017","Milliers de tonnes","1","Im","Données de la FAO basées sur une méthodologie d'imputation"
"FBS","Bilans Alimentaires (2014-)","101","Indonésie","5611","Importations - Quantité","2734","Viande de Volailles","2018","2018","Milliers de tonnes","0","Im","Données de la FAO basées sur une méthodologie d'imputation"
"FBS","Bilans Alimentaires (2014-)","102","Iran (République islamique d')","5611","Importations - Quantité","2734","Viande de Volailles","2017","2017","Milliers de tonnes","6","Im","Données de la FAO basées sur une méthodologie d'imputation"
"FBS","Bilans Alimentaires (2014-)","102","Iran (République islamique d')","5611","Importations - Quantité","2734","Viande de Volailles","2018","2018","Milliers de tonnes","0","Im","Données de la FAO basées sur une méthodologie d'imputation"
"FBS","Bilans Alimentaires (2014-)","103","Iraq","5611","Importations - Quantité","2734","Viande de Volailles","2017","2017","Milliers de tonnes","378","Im","Données de la FAO basées sur une méthodologie d'imputation"
"FBS","Bilans Alimentaires (2014-)","103","Iraq","5611","Importations - Quantité","2734","Viande de Volailles","2018","2018","Milliers de tonnes","222","Im","Données de la FAO basées sur une méthodologie d'imputation"
"FBS","Bilans Alimentaires (2014-)","104","Irlande","5611","Importations - Quantité","2734","Viande de Volailles","2017","2017","Milliers de tonnes","99","Im","Données de la FAO basées sur une méthodologie d'imputation"
"FBS","Bilans Alimentaires (2014-)","104","Irlande","5611","Importations - Quantité","2734","Viande de Volailles","2018","2018","Milliers de tonnes","105","Im","Données de la FAO basées sur une méthodologie d'imputation"
"FBS","Bilans Alimentaires (2014-)","99","Islande","5611","Importations - Quantité","2734","Viande de Volailles","2017","2017","Milliers de tonnes","2","Im","Données de la FAO basées sur une méthodologie d'imputation"
"FBS","Bilans Alimentaires (2014-)","99","Islande","5611","Importations - Quantité","2734","Viande de Volailles","2018","2018","Milliers de tonnes","1","Im","Données de la FAO basées sur une méthodologie d'imputation"
"FBS","Bilans Alimentaires (2014-)","105","Israël","5611","Importations - Quantité","2734","Viande de Volailles","2017","2017","Milliers de tonnes","0","Im","Données de la FAO basées sur une méthodologie d'imputation"
"FBS","Bilans Alimentaires (2014-)","105","Israël","5611","Importations - Quantité","2734","Viande de Volailles","2018","2018","Milliers de tonnes","0","Im","Données de la FAO basées sur une méthodologie d'imputation"
"FBS","Bilans Alimentaires (2014-)","106","Italie","5611","Importations - Quantité","2734","Viande de Volailles","2017","2017","Milliers de tonnes","97","Im","Données de la FAO basées sur une méthodologie d'imputation"
"FBS","Bilans Alimentaires (2014-)","106","Italie","5611","Importations - Quantité","2734","Viande de Volailles","2018","2018","Milliers de tonnes","94","Im","Données de la FAO basées sur une méthodologie d'imputation"
"FBS","Bilans Alimentaires (2014-)","109","Jamaïque","5611","Importations - Quantité","2734","Viande de Volailles","2017","2017","Milliers de tonnes","31","Im","Données de la FAO basées sur une méthodologie d'imputation"
"FBS","Bilans Alimentaires (2014-)","109","Jamaïque","5611","Importations - Quantité","2734","Viande de Volailles","2018","2018","Milliers de tonnes","34","Im","Données de la FAO basées sur une méthodologie d'imputation"
"FBS","Bilans Alimentaires (2014-)","110","Japon","5611","Importations - Quantité","2734","Viande de Volailles","2017","2017","Milliers de tonnes","1069","Im","Données de la FAO basées sur une méthodologie d'imputation"
"FBS","Bilans Alimentaires (2014-)","110","Japon","5611","Importations - Quantité","2734","Viande de Volailles","2018","2018","Milliers de tonnes","1089","Im","Données de la FAO basées sur une méthodologie d'imputation"
"FBS","Bilans Alimentaires (2014-)","112","Jordanie","5611","Importations - Quantité","2734","Viande de Volailles","2017","2017","Milliers de tonnes","64","Im","Données de la FAO basées sur une méthodologie d'imputation"
"FBS","Bilans Alimentaires (2014-)","112","Jordanie","5611","Importations - Quantité","2734","Viande de Volailles","2018","2018","Milliers de tonnes","64","Im","Données de la FAO basées sur une méthodologie d'imputation"
"FBS","Bilans Alimentaires (2014-)","108","Kazakhstan","5611","Importations - Quantité","2734","Viande de Volailles","2017","2017","Milliers de tonnes","174","Im","Données de la FAO basées sur une méthodologie d'imputation"
"FBS","Bilans Alimentaires (2014-)","108","Kazakhstan","5611","Importations - Quantité","2734","Viande de Volailles","2018","2018","Milliers de tonnes","195","Im","Données de la FAO basées sur une méthodologie d'imputation"
"FBS","Bilans Alimentaires (2014-)","114","Kenya","5611","Importations - Quantité","2734","Viande de Volailles","2017","2017","Milliers de tonnes","0","Im","Données de la FAO basées sur une méthodologie d'imputation"
"FBS","Bilans Alimentaires (2014-)","114","Kenya","5611","Importations - Quantité","2734","Viande de Volailles","2018","2018","Milliers de tonnes","1","Im","Données de la FAO basées sur une méthodologie d'imputation"
"FBS","Bilans Alimentaires (2014-)","113","Kirghizistan","5611","Importations - Quantité","2734","Viande de Volailles","2017","2017","Milliers de tonnes","25","Im","Données de la FAO basées sur une méthodologie d'imputation"
"FBS","Bilans Alimentaires (2014-)","113","Kirghizistan","5611","Importations - Quantité","2734","Viande de Volailles","2018","2018","Milliers de tonnes","29","Im","Données de la FAO basées sur une méthodologie d'imputation"
"FBS","Bilans Alimentaires (2014-)","83","Kiribati","5611","Importations - Quantité","2734","Viande de Volailles","2017","2017","Milliers de tonnes","1","Im","Données de la FAO basées sur une méthodologie d'imputation"
"FBS","Bilans Alimentaires (2014-)","83","Kiribati","5611","Importations - Quantité","2734","Viande de Volailles","2018","2018","Milliers de tonnes","2","Im","Données de la FAO basées sur une méthodologie d'imputation"
"FBS","Bilans Alimentaires (2014-)","118","Koweït","5611","Importations - Quantité","2734","Viande de Volailles","2017","2017","Milliers de tonnes","137","Im","Données de la FAO basées sur une méthodologie d'imputation"
"FBS","Bilans Alimentaires (2014-)","118","Koweït","5611","Importations - Quantité","2734","Viande de Volailles","2018","2018","Milliers de tonnes","147","Im","Données de la FAO basées sur une méthodologie d'imputation"
"FBS","Bilans Alimentaires (2014-)","122","Lesotho","5611","Importations - Quantité","2734","Viande de Volailles","2017","2017","Milliers de tonnes","11","Im","Données de la FAO basées sur une méthodologie d'imputation"
"FBS","Bilans Alimentaires (2014-)","122","Lesotho","5611","Importations - Quantité","2734","Viande de Volailles","2018","2018","Milliers de tonnes","17","Im","Données de la FAO basées sur une méthodologie d'imputation"
"FBS","Bilans Alimentaires (2014-)","119","Lettonie","5611","Importations - Quantité","2734","Viande de Volailles","2017","2017","Milliers de tonnes","43","Im","Données de la FAO basées sur une méthodologie d'imputation"
"FBS","Bilans Alimentaires (2014-)","119","Lettonie","5611","Importations - Quantité","2734","Viande de Volailles","2018","2018","Milliers de tonnes","47","Im","Données de la FAO basées sur une méthodologie d'imputation"
"FBS","Bilans Alimentaires (2014-)","121","Liban","5611","Importations - Quantité","2734","Viande de Volailles","2017","2017","Milliers de tonnes","13","Im","Données de la FAO basées sur une méthodologie d'imputation"
"FBS","Bilans Alimentaires (2014-)","121","Liban","5611","Importations - Quantité","2734","Viande de Volailles","2018","2018","Milliers de tonnes","10","Im","Données de la FAO basées sur une méthodologie d'imputation"
"FBS","Bilans Alimentaires (2014-)","123","Libéria","5611","Importations - Quantité","2734","Viande de Volailles","2017","2017","Milliers de tonnes","48","Im","Données de la FAO basées sur une méthodologie d'imputation"
"FBS","Bilans Alimentaires (2014-)","123","Libéria","5611","Importations - Quantité","2734","Viande de Volailles","2018","2018","Milliers de tonnes","39","Im","Données de la FAO basées sur une méthodologie d'imputation"
"FBS","Bilans Alimentaires (2014-)","126","Lituanie","5611","Importations - Quantité","2734","Viande de Volailles","2017","2017","Milliers de tonnes","44","Im","Données de la FAO basées sur une méthodologie d'imputation"
"FBS","Bilans Alimentaires (2014-)","126","Lituanie","5611","Importations - Quantité","2734","Viande de Volailles","2018","2018","Milliers de tonnes","45","Im","Données de la FAO basées sur une méthodologie d'imputation"
"FBS","Bilans Alimentaires (2014-)","256","Luxembourg","5611","Importations - Quantité","2734","Viande de Volailles","2017","2017","Milliers de tonnes","11","Im","Données de la FAO basées sur une méthodologie d'imputation"
"FBS","Bilans Alimentaires (2014-)","256","Luxembourg","5611","Importations - Quantité","2734","Viande de Volailles","2018","2018","Milliers de tonnes","12","Im","Données de la FAO basées sur une méthodologie d'imputation"
"FBS","Bilans Alimentaires (2014-)","154","Macédoine du Nord","5611","Importations - Quantité","2734","Viande de Volailles","2017","2017","Milliers de tonnes","40","Im","Données de la FAO basées sur une méthodologie d'imputation"
"FBS","Bilans Alimentaires (2014-)","154","Macédoine du Nord","5611","Importations - Quantité","2734","Viande de Volailles","2018","2018","Milliers de tonnes","40","Im","Données de la FAO basées sur une méthodologie d'imputation"
"FBS","Bilans Alimentaires (2014-)","129","Madagascar","5611","Importations - Quantité","2734","Viande de Volailles","2017","2017","Milliers de tonnes","0","Im","Données de la FAO basées sur une méthodologie d'imputation"
"FBS","Bilans Alimentaires (2014-)","129","Madagascar","5611","Importations - Quantité","2734","Viande de Volailles","2018","2018","Milliers de tonnes","0","Im","Données de la FAO basées sur une méthodologie d'imputation"
"FBS","Bilans Alimentaires (2014-)","131","Malaisie","5611","Importations - Quantité","2734","Viande de Volailles","2017","2017","Milliers de tonnes","68","Im","Données de la FAO basées sur une méthodologie d'imputation"
"FBS","Bilans Alimentaires (2014-)","131","Malaisie","5611","Importations - Quantité","2734","Viande de Volailles","2018","2018","Milliers de tonnes","72","Im","Données de la FAO basées sur une méthodologie d'imputation"
"FBS","Bilans Alimentaires (2014-)","130","Malawi","5611","Importations - Quantité","2734","Viande de Volailles","2017","2017","Milliers de tonnes","0","Im","Données de la FAO basées sur une méthodologie d'imputation"
"FBS","Bilans Alimentaires (2014-)","130","Malawi","5611","Importations - Quantité","2734","Viande de Volailles","2018","2018","Milliers de tonnes","0","Im","Données de la FAO basées sur une méthodologie d'imputation"
"FBS","Bilans Alimentaires (2014-)","132","Maldives","5611","Importations - Quantité","2734","Viande de Volailles","2017","2017","Milliers de tonnes","12","Im","Données de la FAO basées sur une méthodologie d'imputation"
"FBS","Bilans Alimentaires (2014-)","132","Maldives","5611","Importations - Quantité","2734","Viande de Volailles","2018","2018","Milliers de tonnes","13","Im","Données de la FAO basées sur une méthodologie d'imputation"
"FBS","Bilans Alimentaires (2014-)","133","Mali","5611","Importations - Quantité","2734","Viande de Volailles","2017","2017","Milliers de tonnes","1","Im","Données de la FAO basées sur une méthodologie d'imputation"
"FBS","Bilans Alimentaires (2014-)","133","Mali","5611","Importations - Quantité","2734","Viande de Volailles","2018","2018","Milliers de tonnes","0","Im","Données de la FAO basées sur une méthodologie d'imputation"
"FBS","Bilans Alimentaires (2014-)","134","Malte","5611","Importations - Quantité","2734","Viande de Volailles","2017","2017","Milliers de tonnes","9","Im","Données de la FAO basées sur une méthodologie d'imputation"
"FBS","Bilans Alimentaires (2014-)","134","Malte","5611","Importations - Quantité","2734","Viande de Volailles","2018","2018","Milliers de tonnes","9","Im","Données de la FAO basées sur une méthodologie d'imputation"
"FBS","Bilans Alimentaires (2014-)","143","Maroc","5611","Importations - Quantité","2734","Viande de Volailles","2017","2017","Milliers de tonnes","3","Im","Données de la FAO basées sur une méthodologie d'imputation"
"FBS","Bilans Alimentaires (2014-)","143","Maroc","5611","Importations - Quantité","2734","Viande de Volailles","2018","2018","Milliers de tonnes","3","Im","Données de la FAO basées sur une méthodologie d'imputation"
"FBS","Bilans Alimentaires (2014-)","137","Maurice","5611","Importations - Quantité","2734","Viande de Volailles","2017","2017","Milliers de tonnes","2","Im","Données de la FAO basées sur une méthodologie d'imputation"
"FBS","Bilans Alimentaires (2014-)","137","Maurice","5611","Importations - Quantité","2734","Viande de Volailles","2018","2018","Milliers de tonnes","3","Im","Données de la FAO basées sur une méthodologie d'imputation"
"FBS","Bilans Alimentaires (2014-)","136","Mauritanie","5611","Importations - Quantité","2734","Viande de Volailles","2017","2017","Milliers de tonnes","24","Im","Données de la FAO basées sur une méthodologie d'imputation"
"FBS","Bilans Alimentaires (2014-)","136","Mauritanie","5611","Importations - Quantité","2734","Viande de Volailles","2018","2018","Milliers de tonnes","29","Im","Données de la FAO basées sur une méthodologie d'imputation"
"FBS","Bilans Alimentaires (2014-)","138","Mexique","5611","Importations - Quantité","2734","Viande de Volailles","2017","2017","Milliers de tonnes","972","Im","Données de la FAO basées sur une méthodologie d'imputation"
"FBS","Bilans Alimentaires (2014-)","138","Mexique","5611","Importations - Quantité","2734","Viande de Volailles","2018","2018","Milliers de tonnes","983","Im","Données de la FAO basées sur une méthodologie d'imputation"
"FBS","Bilans Alimentaires (2014-)","141","Mongolie","5611","Importations - Quantité","2734","Viande de Volailles","2017","2017","Milliers de tonnes","10","Im","Données de la FAO basées sur une méthodologie d'imputation"
"FBS","Bilans Alimentaires (2014-)","141","Mongolie","5611","Importations - Quantité","2734","Viande de Volailles","2018","2018","Milliers de tonnes","12","Im","Données de la FAO basées sur une méthodologie d'imputation"
"FBS","Bilans Alimentaires (2014-)","273","Monténégro","5611","Importations - Quantité","2734","Viande de Volailles","2017","2017","Milliers de tonnes","8","Im","Données de la FAO basées sur une méthodologie d'imputation"
"FBS","Bilans Alimentaires (2014-)","273","Monténégro","5611","Importations - Quantité","2734","Viande de Volailles","2018","2018","Milliers de tonnes","9","Im","Données de la FAO basées sur une méthodologie d'imputation"
"FBS","Bilans Alimentaires (2014-)","144","Mozambique","5611","Importations - Quantité","2734","Viande de Volailles","2017","2017","Milliers de tonnes","24","Im","Données de la FAO basées sur une méthodologie d'imputation"
"FBS","Bilans Alimentaires (2014-)","144","Mozambique","5611","Importations - Quantité","2734","Viande de Volailles","2018","2018","Milliers de tonnes","25","Im","Données de la FAO basées sur une méthodologie d'imputation"
"FBS","Bilans Alimentaires (2014-)","28","Myanmar","5611","Importations - Quantité","2734","Viande de Volailles","2017","2017","Milliers de tonnes","0","Im","Données de la FAO basées sur une méthodologie d'imputation"
"FBS","Bilans Alimentaires (2014-)","28","Myanmar","5611","Importations - Quantité","2734","Viande de Volailles","2018","2018","Milliers de tonnes","1","Im","Données de la FAO basées sur une méthodologie d'imputation"
"FBS","Bilans Alimentaires (2014-)","147","Namibie","5611","Importations - Quantité","2734","Viande de Volailles","2017","2017","Milliers de tonnes","29","Im","Données de la FAO basées sur une méthodologie d'imputation"
"FBS","Bilans Alimentaires (2014-)","147","Namibie","5611","Importations - Quantité","2734","Viande de Volailles","2018","2018","Milliers de tonnes","26","Im","Données de la FAO basées sur une méthodologie d'imputation"
"FBS","Bilans Alimentaires (2014-)","149","Népal","5611","Importations - Quantité","2734","Viande de Volailles","2017","2017","Milliers de tonnes","0","Im","Données de la FAO basées sur une méthodologie d'imputation"
"FBS","Bilans Alimentaires (2014-)","149","Népal","5611","Importations - Quantité","2734","Viande de Volailles","2018","2018","Milliers de tonnes","0","Im","Données de la FAO basées sur une méthodologie d'imputation"
"FBS","Bilans Alimentaires (2014-)","157","Nicaragua","5611","Importations - Quantité","2734","Viande de Volailles","2017","2017","Milliers de tonnes","6","Im","Données de la FAO basées sur une méthodologie d'imputation"
"FBS","Bilans Alimentaires (2014-)","157","Nicaragua","5611","Importations - Quantité","2734","Viande de Volailles","2018","2018","Milliers de tonnes","7","Im","Données de la FAO basées sur une méthodologie d'imputation"
"FBS","Bilans Alimentaires (2014-)","158","Niger","5611","Importations - Quantité","2734","Viande de Volailles","2017","2017","Milliers de tonnes","2","Im","Données de la FAO basées sur une méthodologie d'imputation"
"FBS","Bilans Alimentaires (2014-)","158","Niger","5611","Importations - Quantité","2734","Viande de Volailles","2018","2018","Milliers de tonnes","2","Im","Données de la FAO basées sur une méthodologie d'imputation"
"FBS","Bilans Alimentaires (2014-)","159","Nigéria","5611","Importations - Quantité","2734","Viande de Volailles","2017","2017","Milliers de tonnes","16","Im","Données de la FAO basées sur une méthodologie d'imputation"
"FBS","Bilans Alimentaires (2014-)","159","Nigéria","5611","Importations - Quantité","2734","Viande de Volailles","2018","2018","Milliers de tonnes","18","Im","Données de la FAO basées sur une méthodologie d'imputation"
"FBS","Bilans Alimentaires (2014-)","162","Norvège","5611","Importations - Quantité","2734","Viande de Volailles","2017","2017","Milliers de tonnes","2","Im","Données de la FAO basées sur une méthodologie d'imputation"
"FBS","Bilans Alimentaires (2014-)","162","Norvège","5611","Importations - Quantité","2734","Viande de Volailles","2018","2018","Milliers de tonnes","2","Im","Données de la FAO basées sur une méthodologie d'imputation"
"FBS","Bilans Alimentaires (2014-)","153","Nouvelle-Calédonie","5611","Importations - Quantité","2734","Viande de Volailles","2017","2017","Milliers de tonnes","9","Im","Données de la FAO basées sur une méthodologie d'imputation"
"FBS","Bilans Alimentaires (2014-)","153","Nouvelle-Calédonie","5611","Importations - Quantité","2734","Viande de Volailles","2018","2018","Milliers de tonnes","9","Im","Données de la FAO basées sur une méthodologie d'imputation"
"FBS","Bilans Alimentaires (2014-)","156","Nouvelle-Zélande","5611","Importations - Quantité","2734","Viande de Volailles","2017","2017","Milliers de tonnes","1","Im","Données de la FAO basées sur une méthodologie d'imputation"
"FBS","Bilans Alimentaires (2014-)","156","Nouvelle-Zélande","5611","Importations - Quantité","2734","Viande de Volailles","2018","2018","Milliers de tonnes","1","Im","Données de la FAO basées sur une méthodologie d'imputation"
"FBS","Bilans Alimentaires (2014-)","221","Oman","5611","Importations - Quantité","2734","Viande de Volailles","2017","2017","Milliers de tonnes","126","Im","Données de la FAO basées sur une méthodologie d'imputation"
"FBS","Bilans Alimentaires (2014-)","221","Oman","5611","Importations - Quantité","2734","Viande de Volailles","2018","2018","Milliers de tonnes","120","Im","Données de la FAO basées sur une méthodologie d'imputation"
"FBS","Bilans Alimentaires (2014-)","226","Ouganda","5611","Importations - Quantité","2734","Viande de Volailles","2017","2017","Milliers de tonnes","0","Im","Données de la FAO basées sur une méthodologie d'imputation"
"FBS","Bilans Alimentaires (2014-)","226","Ouganda","5611","Importations - Quantité","2734","Viande de Volailles","2018","2018","Milliers de tonnes","0","Im","Données de la FAO basées sur une méthodologie d'imputation"
"FBS","Bilans Alimentaires (2014-)","235","Ouzbékistan","5611","Importations - Quantité","2734","Viande de Volailles","2017","2017","Milliers de tonnes","8","Im","Données de la FAO basées sur une méthodologie d'imputation"
"FBS","Bilans Alimentaires (2014-)","235","Ouzbékistan","5611","Importations - Quantité","2734","Viande de Volailles","2018","2018","Milliers de tonnes","7","Im","Données de la FAO basées sur une méthodologie d'imputation"
"FBS","Bilans Alimentaires (2014-)","165","Pakistan","5611","Importations - Quantité","2734","Viande de Volailles","2017","2017","Milliers de tonnes","2","Im","Données de la FAO basées sur une méthodologie d'imputation"
"FBS","Bilans Alimentaires (2014-)","165","Pakistan","5611","Importations - Quantité","2734","Viande de Volailles","2018","2018","Milliers de tonnes","1","Im","Données de la FAO basées sur une méthodologie d'imputation"
"FBS","Bilans Alimentaires (2014-)","166","Panama","5611","Importations - Quantité","2734","Viande de Volailles","2017","2017","Milliers de tonnes","20","Im","Données de la FAO basées sur une méthodologie d'imputation"
"FBS","Bilans Alimentaires (2014-)","166","Panama","5611","Importations - Quantité","2734","Viande de Volailles","2018","2018","Milliers de tonnes","21","Im","Données de la FAO basées sur une méthodologie d'imputation"
"FBS","Bilans Alimentaires (2014-)","168","Papouasie-Nouvelle-Guinée","5611","Importations - Quantité","2734","Viande de Volailles","2017","2017","Milliers de tonnes","23","Im","Données de la FAO basées sur une méthodologie d'imputation"
"FBS","Bilans Alimentaires (2014-)","168","Papouasie-Nouvelle-Guinée","5611","Importations - Quantité","2734","Viande de Volailles","2018","2018","Milliers de tonnes","21","Im","Données de la FAO basées sur une méthodologie d'imputation"
"FBS","Bilans Alimentaires (2014-)","169","Paraguay","5611","Importations - Quantité","2734","Viande de Volailles","2017","2017","Milliers de tonnes","1","Im","Données de la FAO basées sur une méthodologie d'imputation"
"FBS","Bilans Alimentaires (2014-)","169","Paraguay","5611","Importations - Quantité","2734","Viande de Volailles","2018","2018","Milliers de tonnes","1","Im","Données de la FAO basées sur une méthodologie d'imputation"
"FBS","Bilans Alimentaires (2014-)","150","Pays-Bas","5611","Importations - Quantité","2734","Viande de Volailles","2017","2017","Milliers de tonnes","608","Im","Données de la FAO basées sur une méthodologie d'imputation"
"FBS","Bilans Alimentaires (2014-)","150","Pays-Bas","5611","Importations - Quantité","2734","Viande de Volailles","2018","2018","Milliers de tonnes","585","Im","Données de la FAO basées sur une méthodologie d'imputation"
"FBS","Bilans Alimentaires (2014-)","170","Pérou","5611","Importations - Quantité","2734","Viande de Volailles","2017","2017","Milliers de tonnes","60","Im","Données de la FAO basées sur une méthodologie d'imputation"
"FBS","Bilans Alimentaires (2014-)","170","Pérou","5611","Importations - Quantité","2734","Viande de Volailles","2018","2018","Milliers de tonnes","70","Im","Données de la FAO basées sur une méthodologie d'imputation"
"FBS","Bilans Alimentaires (2014-)","171","Philippines","5611","Importations - Quantité","2734","Viande de Volailles","2017","2017","Milliers de tonnes","249","Im","Données de la FAO basées sur une méthodologie d'imputation"
"FBS","Bilans Alimentaires (2014-)","171","Philippines","5611","Importations - Quantité","2734","Viande de Volailles","2018","2018","Milliers de tonnes","282","Im","Données de la FAO basées sur une méthodologie d'imputation"
"FBS","Bilans Alimentaires (2014-)","173","Pologne","5611","Importations - Quantité","2734","Viande de Volailles","2017","2017","Milliers de tonnes","55","Im","Données de la FAO basées sur une méthodologie d'imputation"
"FBS","Bilans Alimentaires (2014-)","173","Pologne","5611","Importations - Quantité","2734","Viande de Volailles","2018","2018","Milliers de tonnes","77","Im","Données de la FAO basées sur une méthodologie d'imputation"
"FBS","Bilans Alimentaires (2014-)","70","Polynésie française","5611","Importations - Quantité","2734","Viande de Volailles","2017","2017","Milliers de tonnes","15","Im","Données de la FAO basées sur une méthodologie d'imputation"
"FBS","Bilans Alimentaires (2014-)","70","Polynésie française","5611","Importations - Quantité","2734","Viande de Volailles","2018","2018","Milliers de tonnes","16","Im","Données de la FAO basées sur une méthodologie d'imputation"
"FBS","Bilans Alimentaires (2014-)","174","Portugal","5611","Importations - Quantité","2734","Viande de Volailles","2017","2017","Milliers de tonnes","82","Im","Données de la FAO basées sur une méthodologie d'imputation"
"FBS","Bilans Alimentaires (2014-)","174","Portugal","5611","Importations - Quantité","2734","Viande de Volailles","2018","2018","Milliers de tonnes","85","Im","Données de la FAO basées sur une méthodologie d'imputation"
"FBS","Bilans Alimentaires (2014-)","37","République centrafricaine","5611","Importations - Quantité","2734","Viande de Volailles","2017","2017","Milliers de tonnes","5","Im","Données de la FAO basées sur une méthodologie d'imputation"
"FBS","Bilans Alimentaires (2014-)","37","République centrafricaine","5611","Importations - Quantité","2734","Viande de Volailles","2018","2018","Milliers de tonnes","5","Im","Données de la FAO basées sur une méthodologie d'imputation"
"FBS","Bilans Alimentaires (2014-)","117","République de Corée","5611","Importations - Quantité","2734","Viande de Volailles","2017","2017","Milliers de tonnes","137","Im","Données de la FAO basées sur une méthodologie d'imputation"
"FBS","Bilans Alimentaires (2014-)","117","République de Corée","5611","Importations - Quantité","2734","Viande de Volailles","2018","2018","Milliers de tonnes","170","Im","Données de la FAO basées sur une méthodologie d'imputation"
"FBS","Bilans Alimentaires (2014-)","146","République de Moldova","5611","Importations - Quantité","2734","Viande de Volailles","2017","2017","Milliers de tonnes","16","Im","Données de la FAO basées sur une méthodologie d'imputation"
"FBS","Bilans Alimentaires (2014-)","146","République de Moldova","5611","Importations - Quantité","2734","Viande de Volailles","2018","2018","Milliers de tonnes","19","Im","Données de la FAO basées sur une méthodologie d'imputation"
"FBS","Bilans Alimentaires (2014-)","120","République démocratique populaire lao","5611","Importations - Quantité","2734","Viande de Volailles","2017","2017","Milliers de tonnes","41","Im","Données de la FAO basées sur une méthodologie d'imputation"
"FBS","Bilans Alimentaires (2014-)","120","République démocratique populaire lao","5611","Importations - Quantité","2734","Viande de Volailles","2018","2018","Milliers de tonnes","40","Im","Données de la FAO basées sur une méthodologie d'imputation"
"FBS","Bilans Alimentaires (2014-)","56","République dominicaine","5611","Importations - Quantité","2734","Viande de Volailles","2017","2017","Milliers de tonnes","42","Im","Données de la FAO basées sur une méthodologie d'imputation"
"FBS","Bilans Alimentaires (2014-)","56","République dominicaine","5611","Importations - Quantité","2734","Viande de Volailles","2018","2018","Milliers de tonnes","57","Im","Données de la FAO basées sur une méthodologie d'imputation"
"FBS","Bilans Alimentaires (2014-)","116","République populaire démocratique de Corée","5611","Importations - Quantité","2734","Viande de Volailles","2018","2018","Milliers de tonnes","0","Im","Données de la FAO basées sur une méthodologie d'imputation"
"FBS","Bilans Alimentaires (2014-)","215","République-Unie de Tanzanie","5611","Importations - Quantité","2734","Viande de Volailles","2017","2017","Milliers de tonnes","2","Im","Données de la FAO basées sur une méthodologie d'imputation"
"FBS","Bilans Alimentaires (2014-)","215","République-Unie de Tanzanie","5611","Importations - Quantité","2734","Viande de Volailles","2018","2018","Milliers de tonnes","1","Im","Données de la FAO basées sur une méthodologie d'imputation"
"FBS","Bilans Alimentaires (2014-)","183","Roumanie","5611","Importations - Quantité","2734","Viande de Volailles","2017","2017","Milliers de tonnes","146","Im","Données de la FAO basées sur une méthodologie d'imputation"
"FBS","Bilans Alimentaires (2014-)","183","Roumanie","5611","Importations - Quantité","2734","Viande de Volailles","2018","2018","Milliers de tonnes","141","Im","Données de la FAO basées sur une méthodologie d'imputation"
"FBS","Bilans Alimentaires (2014-)","229","Royaume-Uni de Grande-Bretagne et d'Irlande du Nord","5611","Importations - Quantité","2734","Viande de Volailles","2017","2017","Milliers de tonnes","779","Im","Données de la FAO basées sur une méthodologie d'imputation"
"FBS","Bilans Alimentaires (2014-)","229","Royaume-Uni de Grande-Bretagne et d'Irlande du Nord","5611","Importations - Quantité","2734","Viande de Volailles","2018","2018","Milliers de tonnes","802","Im","Données de la FAO basées sur une méthodologie d'imputation"
"FBS","Bilans Alimentaires (2014-)","184","Rwanda","5611","Importations - Quantité","2734","Viande de Volailles","2017","2017","Milliers de tonnes","0","Im","Données de la FAO basées sur une méthodologie d'imputation"
"FBS","Bilans Alimentaires (2014-)","184","Rwanda","5611","Importations - Quantité","2734","Viande de Volailles","2018","2018","Milliers de tonnes","0","Im","Données de la FAO basées sur une méthodologie d'imputation"
"FBS","Bilans Alimentaires (2014-)","189","Sainte-Lucie","5611","Importations - Quantité","2734","Viande de Volailles","2017","2017","Milliers de tonnes","10","Im","Données de la FAO basées sur une méthodologie d'imputation"
"FBS","Bilans Alimentaires (2014-)","189","Sainte-Lucie","5611","Importations - Quantité","2734","Viande de Volailles","2018","2018","Milliers de tonnes","10","Im","Données de la FAO basées sur une méthodologie d'imputation"
"FBS","Bilans Alimentaires (2014-)","188","Saint-Kitts-et-Nevis","5611","Importations - Quantité","2734","Viande de Volailles","2017","2017","Milliers de tonnes","4","Im","Données de la FAO basées sur une méthodologie d'imputation"
"FBS","Bilans Alimentaires (2014-)","188","Saint-Kitts-et-Nevis","5611","Importations - Quantité","2734","Viande de Volailles","2018","2018","Milliers de tonnes","3","Im","Données de la FAO basées sur une méthodologie d'imputation"
"FBS","Bilans Alimentaires (2014-)","191","Saint-Vincent-et-les Grenadines","5611","Importations - Quantité","2734","Viande de Volailles","2017","2017","Milliers de tonnes","9","Im","Données de la FAO basées sur une méthodologie d'imputation"
"FBS","Bilans Alimentaires (2014-)","191","Saint-Vincent-et-les Grenadines","5611","Importations - Quantité","2734","Viande de Volailles","2018","2018","Milliers de tonnes","8","Im","Données de la FAO basées sur une méthodologie d'imputation"
"FBS","Bilans Alimentaires (2014-)","244","Samoa","5611","Importations - Quantité","2734","Viande de Volailles","2017","2017","Milliers de tonnes","17","Im","Données de la FAO basées sur une méthodologie d'imputation"
"FBS","Bilans Alimentaires (2014-)","244","Samoa","5611","Importations - Quantité","2734","Viande de Volailles","2018","2018","Milliers de tonnes","18","Im","Données de la FAO basées sur une méthodologie d'imputation"
"FBS","Bilans Alimentaires (2014-)","193","Sao Tomé-et-Principe","5611","Importations - Quantité","2734","Viande de Volailles","2017","2017","Milliers de tonnes","2","Im","Données de la FAO basées sur une méthodologie d'imputation"
"FBS","Bilans Alimentaires (2014-)","193","Sao Tomé-et-Principe","5611","Importations - Quantité","2734","Viande de Volailles","2018","2018","Milliers de tonnes","2","Im","Données de la FAO basées sur une méthodologie d'imputation"
"FBS","Bilans Alimentaires (2014-)","195","Sénégal","5611","Importations - Quantité","2734","Viande de Volailles","2017","2017","Milliers de tonnes","0","Im","Données de la FAO basées sur une méthodologie d'imputation"
"FBS","Bilans Alimentaires (2014-)","195","Sénégal","5611","Importations - Quantité","2734","Viande de Volailles","2018","2018","Milliers de tonnes","0","Im","Données de la FAO basées sur une méthodologie d'imputation"
"FBS","Bilans Alimentaires (2014-)","272","Serbie","5611","Importations - Quantité","2734","Viande de Volailles","2017","2017","Milliers de tonnes","12","Im","Données de la FAO basées sur une méthodologie d'imputation"
"FBS","Bilans Alimentaires (2014-)","272","Serbie","5611","Importations - Quantité","2734","Viande de Volailles","2018","2018","Milliers de tonnes","17","Im","Données de la FAO basées sur une méthodologie d'imputation"
"FBS","Bilans Alimentaires (2014-)","197","Sierra Leone","5611","Importations - Quantité","2734","Viande de Volailles","2017","2017","Milliers de tonnes","14","Im","Données de la FAO basées sur une méthodologie d'imputation"
"FBS","Bilans Alimentaires (2014-)","197","Sierra Leone","5611","Importations - Quantité","2734","Viande de Volailles","2018","2018","Milliers de tonnes","18","Im","Données de la FAO basées sur une méthodologie d'imputation"
"FBS","Bilans Alimentaires (2014-)","199","Slovaquie","5611","Importations - Quantité","2734","Viande de Volailles","2017","2017","Milliers de tonnes","63","Im","Données de la FAO basées sur une méthodologie d'imputation"
"FBS","Bilans Alimentaires (2014-)","199","Slovaquie","5611","Importations - Quantité","2734","Viande de Volailles","2018","2018","Milliers de tonnes","87","Im","Données de la FAO basées sur une méthodologie d'imputation"
"FBS","Bilans Alimentaires (2014-)","198","Slovénie","5611","Importations - Quantité","2734","Viande de Volailles","2017","2017","Milliers de tonnes","20","Im","Données de la FAO basées sur une méthodologie d'imputation"
"FBS","Bilans Alimentaires (2014-)","198","Slovénie","5611","Importations - Quantité","2734","Viande de Volailles","2018","2018","Milliers de tonnes","23","Im","Données de la FAO basées sur une méthodologie d'imputation"
"FBS","Bilans Alimentaires (2014-)","276","Soudan","5611","Importations - Quantité","2734","Viande de Volailles","2017","2017","Milliers de tonnes","1","Im","Données de la FAO basées sur une méthodologie d'imputation"
"FBS","Bilans Alimentaires (2014-)","276","Soudan","5611","Importations - Quantité","2734","Viande de Volailles","2018","2018","Milliers de tonnes","0","Im","Données de la FAO basées sur une méthodologie d'imputation"
"FBS","Bilans Alimentaires (2014-)","38","Sri Lanka","5611","Importations - Quantité","2734","Viande de Volailles","2017","2017","Milliers de tonnes","0","Im","Données de la FAO basées sur une méthodologie d'imputation"
"FBS","Bilans Alimentaires (2014-)","38","Sri Lanka","5611","Importations - Quantité","2734","Viande de Volailles","2018","2018","Milliers de tonnes","0","Im","Données de la FAO basées sur une méthodologie d'imputation"
"FBS","Bilans Alimentaires (2014-)","210","Suède","5611","Importations - Quantité","2734","Viande de Volailles","2017","2017","Milliers de tonnes","84","Im","Données de la FAO basées sur une méthodologie d'imputation"
"FBS","Bilans Alimentaires (2014-)","210","Suède","5611","Importations - Quantité","2734","Viande de Volailles","2018","2018","Milliers de tonnes","81","Im","Données de la FAO basées sur une méthodologie d'imputation"
"FBS","Bilans Alimentaires (2014-)","211","Suisse","5611","Importations - Quantité","2734","Viande de Volailles","2017","2017","Milliers de tonnes","51","Im","Données de la FAO basées sur une méthodologie d'imputation"
"FBS","Bilans Alimentaires (2014-)","211","Suisse","5611","Importations - Quantité","2734","Viande de Volailles","2018","2018","Milliers de tonnes","45","Im","Données de la FAO basées sur une méthodologie d'imputation"
"FBS","Bilans Alimentaires (2014-)","207","Suriname","5611","Importations - Quantité","2734","Viande de Volailles","2017","2017","Milliers de tonnes","18","Im","Données de la FAO basées sur une méthodologie d'imputation"
"FBS","Bilans Alimentaires (2014-)","207","Suriname","5611","Importations - Quantité","2734","Viande de Volailles","2018","2018","Milliers de tonnes","22","Im","Données de la FAO basées sur une méthodologie d'imputation"
"FBS","Bilans Alimentaires (2014-)","208","Tadjikistan","5611","Importations - Quantité","2734","Viande de Volailles","2017","2017","Milliers de tonnes","38","Im","Données de la FAO basées sur une méthodologie d'imputation"
"FBS","Bilans Alimentaires (2014-)","208","Tadjikistan","5611","Importations - Quantité","2734","Viande de Volailles","2018","2018","Milliers de tonnes","14","Im","Données de la FAO basées sur une méthodologie d'imputation"
"FBS","Bilans Alimentaires (2014-)","39","Tchad","5611","Importations - Quantité","2734","Viande de Volailles","2017","2017","Milliers de tonnes","1","Im","Données de la FAO basées sur une méthodologie d'imputation"
"FBS","Bilans Alimentaires (2014-)","39","Tchad","5611","Importations - Quantité","2734","Viande de Volailles","2018","2018","Milliers de tonnes","1","Im","Données de la FAO basées sur une méthodologie d'imputation"
"FBS","Bilans Alimentaires (2014-)","167","Tchéquie","5611","Importations - Quantité","2734","Viande de Volailles","2017","2017","Milliers de tonnes","116","Im","Données de la FAO basées sur une méthodologie d'imputation"
"FBS","Bilans Alimentaires (2014-)","167","Tchéquie","5611","Importations - Quantité","2734","Viande de Volailles","2018","2018","Milliers de tonnes","121","Im","Données de la FAO basées sur une méthodologie d'imputation"
"FBS","Bilans Alimentaires (2014-)","216","Thaïlande","5611","Importations - Quantité","2734","Viande de Volailles","2017","2017","Milliers de tonnes","2","Im","Données de la FAO basées sur une méthodologie d'imputation"
"FBS","Bilans Alimentaires (2014-)","216","Thaïlande","5611","Importations - Quantité","2734","Viande de Volailles","2018","2018","Milliers de tonnes","2","Im","Données de la FAO basées sur une méthodologie d'imputation"
"FBS","Bilans Alimentaires (2014-)","176","Timor-Leste","5611","Importations - Quantité","2734","Viande de Volailles","2017","2017","Milliers de tonnes","12","Im","Données de la FAO basées sur une méthodologie d'imputation"
"FBS","Bilans Alimentaires (2014-)","176","Timor-Leste","5611","Importations - Quantité","2734","Viande de Volailles","2018","2018","Milliers de tonnes","9","Im","Données de la FAO basées sur une méthodologie d'imputation"
"FBS","Bilans Alimentaires (2014-)","217","Togo","5611","Importations - Quantité","2734","Viande de Volailles","2017","2017","Milliers de tonnes","16","Im","Données de la FAO basées sur une méthodologie d'imputation"
"FBS","Bilans Alimentaires (2014-)","217","Togo","5611","Importations - Quantité","2734","Viande de Volailles","2018","2018","Milliers de tonnes","22","Im","Données de la FAO basées sur une méthodologie d'imputation"
"FBS","Bilans Alimentaires (2014-)","220","Trinité-et-Tobago","5611","Importations - Quantité","2734","Viande de Volailles","2017","2017","Milliers de tonnes","23","Im","Données de la FAO basées sur une méthodologie d'imputation"
"FBS","Bilans Alimentaires (2014-)","220","Trinité-et-Tobago","5611","Importations - Quantité","2734","Viande de Volailles","2018","2018","Milliers de tonnes","24","Im","Données de la FAO basées sur une méthodologie d'imputation"
"FBS","Bilans Alimentaires (2014-)","222","Tunisie","5611","Importations - Quantité","2734","Viande de Volailles","2017","2017","Milliers de tonnes","0","Im","Données de la FAO basées sur une méthodologie d'imputation"
"FBS","Bilans Alimentaires (2014-)","222","Tunisie","5611","Importations - Quantité","2734","Viande de Volailles","2018","2018","Milliers de tonnes","2","Im","Données de la FAO basées sur une méthodologie d'imputation"
"FBS","Bilans Alimentaires (2014-)","213","Turkménistan","5611","Importations - Quantité","2734","Viande de Volailles","2017","2017","Milliers de tonnes","10","Im","Données de la FAO basées sur une méthodologie d'imputation"
"FBS","Bilans Alimentaires (2014-)","213","Turkménistan","5611","Importations - Quantité","2734","Viande de Volailles","2018","2018","Milliers de tonnes","31","Im","Données de la FAO basées sur une méthodologie d'imputation"
"FBS","Bilans Alimentaires (2014-)","223","Turquie","5611","Importations - Quantité","2734","Viande de Volailles","2017","2017","Milliers de tonnes","3","Im","Données de la FAO basées sur une méthodologie d'imputation"
"FBS","Bilans Alimentaires (2014-)","223","Turquie","5611","Importations - Quantité","2734","Viande de Volailles","2018","2018","Milliers de tonnes","6","Im","Données de la FAO basées sur une méthodologie d'imputation"
"FBS","Bilans Alimentaires (2014-)","230","Ukraine","5611","Importations - Quantité","2734","Viande de Volailles","2017","2017","Milliers de tonnes","121","Im","Données de la FAO basées sur une méthodologie d'imputation"
"FBS","Bilans Alimentaires (2014-)","230","Ukraine","5611","Importations - Quantité","2734","Viande de Volailles","2018","2018","Milliers de tonnes","133","Im","Données de la FAO basées sur une méthodologie d'imputation"
"FBS","Bilans Alimentaires (2014-)","234","Uruguay","5611","Importations - Quantité","2734","Viande de Volailles","2017","2017","Milliers de tonnes","3","Im","Données de la FAO basées sur une méthodologie d'imputation"
"FBS","Bilans Alimentaires (2014-)","234","Uruguay","5611","Importations - Quantité","2734","Viande de Volailles","2018","2018","Milliers de tonnes","6","Im","Données de la FAO basées sur une méthodologie d'imputation"
"FBS","Bilans Alimentaires (2014-)","155","Vanuatu","5611","Importations - Quantité","2734","Viande de Volailles","2017","2017","Milliers de tonnes","4","Im","Données de la FAO basées sur une méthodologie d'imputation"
"FBS","Bilans Alimentaires (2014-)","155","Vanuatu","5611","Importations - Quantité","2734","Viande de Volailles","2018","2018","Milliers de tonnes","4","Im","Données de la FAO basées sur une méthodologie d'imputation"
"FBS","Bilans Alimentaires (2014-)","236","Venezuela (République bolivarienne du)","5611","Importations - Quantité","2734","Viande de Volailles","2017","2017","Milliers de tonnes","23","Im","Données de la FAO basées sur une méthodologie d'imputation"
"FBS","Bilans Alimentaires (2014-)","236","Venezuela (République bolivarienne du)","5611","Importations - Quantité","2734","Viande de Volailles","2018","2018","Milliers de tonnes","3","Im","Données de la FAO basées sur une méthodologie d'imputation"
"FBS","Bilans Alimentaires (2014-)","237","Viet Nam","5611","Importations - Quantité","2734","Viande de Volailles","2017","2017","Milliers de tonnes","357","Im","Données de la FAO basées sur une méthodologie d'imputation"
"FBS","Bilans Alimentaires (2014-)","237","Viet Nam","5611","Importations - Quantité","2734","Viande de Volailles","2018","2018","Milliers de tonnes","593","Im","Données de la FAO basées sur une méthodologie d'imputation"
"FBS","Bilans Alimentaires (2014-)","249","Yémen","5611","Importations - Quantité","2734","Viande de Volailles","2017","2017","Milliers de tonnes","82","Im","Données de la FAO basées sur une méthodologie d'imputation"
"FBS","Bilans Alimentaires (2014-)","249","Yémen","5611","Importations - Quantité","2734","Viande de Volailles","2018","2018","Milliers de tonnes","96","Im","Données de la FAO basées sur une méthodologie d'imputation"
"FBS","Bilans Alimentaires (2014-)","251","Zambie","5611","Importations - Quantité","2734","Viande de Volailles","2017","2017","Milliers de tonnes","12","Im","Données de la FAO basées sur une méthodologie d'imputation"
"FBS","Bilans Alimentaires (2014-)","251","Zambie","5611","Importations - Quantité","2734","Viande de Volailles","2018","2018","Milliers de tonnes","11","Im","Données de la FAO basées sur une méthodologie d'imputation"
"FBS","Bilans Alimentaires (2014-)","181","Zimbabwe","5611","Importations - Quantité","2734","Viande de Volailles","2017","2017","Milliers de tonnes","6","Im","Données de la FAO basées sur une méthodologie d'imputation"
"FBS","Bilans Alimentaires (2014-)","181","Zimbabwe","5611","Importations - Quantité","2734","Viande de Volailles","2018","2018","Milliers de tonnes","4","Im","Données de la FAO basées sur une méthodologie d'imputation"
