Code Domaine,Domaine,Code zone (FAO),Zone,Code Élément,Élément,Code Produit,Produit,Code année,Année,Unité,Valeur,Symbole,Description du Symbole,Note
"MK","Indicateurs macro","2","Afghanistan","6109","Valeur en devise locale","22008","Produit Intérieur Brut","2017","2017","millions","1266866.847719","X","Sources internationales sûres",""
"MK","Indicateurs macro","2","Afghanistan","6109","Valeur en devise locale","22008","Produit Intérieur Brut","2018","2018","millions","1296559.024282","X","Sources internationales sûres",""
"MK","Indicateurs macro","202","Afrique du Sud","6109","Valeur en devise locale","22008","Produit Intérieur Brut","2017","2017","millions","4653578.92799","X","Sources internationales sûres",""
"MK","Indicateurs macro","202","Afrique du Sud","6109","Valeur en devise locale","22008","Produit Intérieur Brut","2018","2018","millions","4873899.046099","X","Sources internationales sûres",""
"MK","Indicateurs macro","3","Albanie","6109","Valeur en devise locale","22008","Produit Intérieur Brut","2017","2017","millions","1550645.485902","X","Sources internationales sûres",""
"MK","Indicateurs macro","3","Albanie","6109","Valeur en devise locale","22008","Produit Intérieur Brut","2018","2018","millions","1635714.632272","X","Sources internationales sûres",""
"MK","Indicateurs macro","4","Algérie","6109","Valeur en devise locale","22008","Produit Intérieur Brut","2017","2017","millions","18876200","X","Sources internationales sûres",""
"MK","Indicateurs macro","4","Algérie","6109","Valeur en devise locale","22008","Produit Intérieur Brut","2018","2018","millions","20452300","X","Sources internationales sûres",""
"MK","Indicateurs macro","79","Allemagne","6109","Valeur en devise locale","22008","Produit Intérieur Brut","2017","2017","millions","3259860","X","Sources internationales sûres",""
"MK","Indicateurs macro","79","Allemagne","6109","Valeur en devise locale","22008","Produit Intérieur Brut","2018","2018","millions","3356410","X","Sources internationales sûres",""
"MK","Indicateurs macro","6","Andorre","6109","Valeur en devise locale","22008","Produit Intérieur Brut","2017","2017","millions","2655.758357","X","Sources internationales sûres",""
"MK","Indicateurs macro","6","Andorre","6109","Valeur en devise locale","22008","Produit Intérieur Brut","2018","2018","millions","2725.269627","X","Sources internationales sûres",""
"MK","Indicateurs macro","7","Angola","6109","Valeur en devise locale","22008","Produit Intérieur Brut","2017","2017","millions","20262296.106323","X","Sources internationales sûres",""
"MK","Indicateurs macro","7","Angola","6109","Valeur en devise locale","22008","Produit Intérieur Brut","2018","2018","millions","25627742.117294","X","Sources internationales sûres",""
"MK","Indicateurs macro","258","Anguilla","6109","Valeur en devise locale","22008","Produit Intérieur Brut","2017","2017","millions","767.378714","X","Sources internationales sûres",""
"MK","Indicateurs macro","258","Anguilla","6109","Valeur en devise locale","22008","Produit Intérieur Brut","2018","2018","millions","865.314773","X","Sources internationales sûres",""
"MK","Indicateurs macro","8","Antigua-et-Barbuda","6109","Valeur en devise locale","22008","Produit Intérieur Brut","2017","2017","millions","3963.54","X","Sources internationales sûres",""
"MK","Indicateurs macro","8","Antigua-et-Barbuda","6109","Valeur en devise locale","22008","Produit Intérieur Brut","2018","2018","millions","4334.45","X","Sources internationales sûres",""
"MK","Indicateurs macro","194","Arabie saoudite","6109","Valeur en devise locale","22008","Produit Intérieur Brut","2017","2017","millions","2582197.979048","X","Sources internationales sûres",""
"MK","Indicateurs macro","194","Arabie saoudite","6109","Valeur en devise locale","22008","Produit Intérieur Brut","2018","2018","millions","2949456.868395","X","Sources internationales sûres",""
"MK","Indicateurs macro","9","Argentine","6109","Valeur en devise locale","22008","Produit Intérieur Brut","2017","2017","millions","10644778.799189","X","Sources internationales sûres",""
"MK","Indicateurs macro","9","Argentine","6109","Valeur en devise locale","22008","Produit Intérieur Brut","2018","2018","millions","14605790.348988","X","Sources internationales sûres",""
"MK","Indicateurs macro","1","Arménie","6109","Valeur en devise locale","22008","Produit Intérieur Brut","2017","2017","millions","5564493.3","X","Sources internationales sûres",""
"MK","Indicateurs macro","1","Arménie","6109","Valeur en devise locale","22008","Produit Intérieur Brut","2018","2018","millions","6017035.2","X","Sources internationales sûres",""
"MK","Indicateurs macro","22","Aruba","6109","Valeur en devise locale","22008","Produit Intérieur Brut","2017","2017","millions","5470.61","X","Sources internationales sûres",""
"MK","Indicateurs macro","22","Aruba","6109","Valeur en devise locale","22008","Produit Intérieur Brut","2018","2018","millions","5733.608","X","Sources internationales sûres",""
"MK","Indicateurs macro","10","Australie","6109","Valeur en devise locale","22008","Produit Intérieur Brut","2017","2017","millions","1848560","X","Sources internationales sûres",""
"MK","Indicateurs macro","10","Australie","6109","Valeur en devise locale","22008","Produit Intérieur Brut","2018","2018","millions","1952680","X","Sources internationales sûres",""
"MK","Indicateurs macro","11","Autriche","6109","Valeur en devise locale","22008","Produit Intérieur Brut","2017","2017","millions","369341.26","X","Sources internationales sûres",""
"MK","Indicateurs macro","11","Autriche","6109","Valeur en devise locale","22008","Produit Intérieur Brut","2018","2018","millions","385361.89","X","Sources internationales sûres",""
"MK","Indicateurs macro","52","Azerbaïdjan","6109","Valeur en devise locale","22008","Produit Intérieur Brut","2017","2017","millions","70337.8","X","Sources internationales sûres",""
"MK","Indicateurs macro","52","Azerbaïdjan","6109","Valeur en devise locale","22008","Produit Intérieur Brut","2018","2018","millions","80092","X","Sources internationales sûres",""
"MK","Indicateurs macro","12","Bahamas","6109","Valeur en devise locale","22008","Produit Intérieur Brut","2017","2017","millions","12490.7","X","Sources internationales sûres",""
"MK","Indicateurs macro","12","Bahamas","6109","Valeur en devise locale","22008","Produit Intérieur Brut","2018","2018","millions","13022.1","X","Sources internationales sûres",""
"MK","Indicateurs macro","13","Bahreïn","6109","Valeur en devise locale","22008","Produit Intérieur Brut","2017","2017","millions","13338.14","X","Sources internationales sûres",""
"MK","Indicateurs macro","13","Bahreïn","6109","Valeur en devise locale","22008","Produit Intérieur Brut","2018","2018","millions","14157.35","X","Sources internationales sûres",""
"MK","Indicateurs macro","16","Bangladesh","6109","Valeur en devise locale","22008","Produit Intérieur Brut","2017","2017","millions","19758154","X","Sources internationales sûres",""
"MK","Indicateurs macro","16","Bangladesh","6109","Valeur en devise locale","22008","Produit Intérieur Brut","2018","2018","millions","22504793","X","Sources internationales sûres",""
"MK","Indicateurs macro","14","Barbade","6109","Valeur en devise locale","22008","Produit Intérieur Brut","2017","2017","millions","9956.3","X","Sources internationales sûres",""
"MK","Indicateurs macro","14","Barbade","6109","Valeur en devise locale","22008","Produit Intérieur Brut","2018","2018","millions","10173.4","X","Sources internationales sûres",""
"MK","Indicateurs macro","57","Bélarus","6109","Valeur en devise locale","22008","Produit Intérieur Brut","2017","2017","millions","105748.207","X","Sources internationales sûres",""
"MK","Indicateurs macro","57","Bélarus","6109","Valeur en devise locale","22008","Produit Intérieur Brut","2018","2018","millions","122319.739","X","Sources internationales sûres",""
"MK","Indicateurs macro","255","Belgique","6109","Valeur en devise locale","22008","Produit Intérieur Brut","2017","2017","millions","444991.1","X","Sources internationales sûres",""
"MK","Indicateurs macro","255","Belgique","6109","Valeur en devise locale","22008","Produit Intérieur Brut","2018","2018","millions","460419.4","X","Sources internationales sûres",""
"MK","Indicateurs macro","23","Belize","6109","Valeur en devise locale","22008","Produit Intérieur Brut","2017","2017","millions","3673.186932","X","Sources internationales sûres",""
"MK","Indicateurs macro","23","Belize","6109","Valeur en devise locale","22008","Produit Intérieur Brut","2018","2018","millions","3742.406328","X","Sources internationales sûres",""
"MK","Indicateurs macro","53","Bénin","6109","Valeur en devise locale","22008","Produit Intérieur Brut","2017","2017","millions","7375302.197906","X","Sources internationales sûres",""
"MK","Indicateurs macro","53","Bénin","6109","Valeur en devise locale","22008","Produit Intérieur Brut","2018","2018","millions","7922004.056127","X","Sources internationales sûres",""
"MK","Indicateurs macro","17","Bermudes","6109","Valeur en devise locale","22008","Produit Intérieur Brut","2017","2017","millions","7142.315691","X","Sources internationales sûres",""
"MK","Indicateurs macro","17","Bermudes","6109","Valeur en devise locale","22008","Produit Intérieur Brut","2018","2018","millions","7263.476019","X","Sources internationales sûres",""
"MK","Indicateurs macro","18","Bhoutan","6109","Valeur en devise locale","22008","Produit Intérieur Brut","2017","2017","millions","159571.698057","X","Sources internationales sûres",""
"MK","Indicateurs macro","18","Bhoutan","6109","Valeur en devise locale","22008","Produit Intérieur Brut","2018","2018","millions","167326.818456","X","Sources internationales sûres",""
"MK","Indicateurs macro","19","Bolivie (État plurinational de)","6109","Valeur en devise locale","22008","Produit Intérieur Brut","2017","2017","millions","259185","X","Sources internationales sûres",""
"MK","Indicateurs macro","19","Bolivie (État plurinational de)","6109","Valeur en devise locale","22008","Produit Intérieur Brut","2018","2018","millions","278387.6472","X","Sources internationales sûres",""
"MK","Indicateurs macro","80","Bosnie-Herzégovine","6109","Valeur en devise locale","22008","Produit Intérieur Brut","2017","2017","millions","31376.237139","X","Sources internationales sûres",""
"MK","Indicateurs macro","80","Bosnie-Herzégovine","6109","Valeur en devise locale","22008","Produit Intérieur Brut","2018","2018","millions","33444.077481","X","Sources internationales sûres",""
"MK","Indicateurs macro","20","Botswana","6109","Valeur en devise locale","22008","Produit Intérieur Brut","2017","2017","millions","180102.582031","X","Sources internationales sûres",""
"MK","Indicateurs macro","20","Botswana","6109","Valeur en devise locale","22008","Produit Intérieur Brut","2018","2018","millions","190365.308594","X","Sources internationales sûres",""
"MK","Indicateurs macro","21","Brésil","6109","Valeur en devise locale","22008","Produit Intérieur Brut","2017","2017","millions","6583319","X","Sources internationales sûres",""
"MK","Indicateurs macro","21","Brésil","6109","Valeur en devise locale","22008","Produit Intérieur Brut","2018","2018","millions","6889176","X","Sources internationales sûres",""
"MK","Indicateurs macro","26","Brunéi Darussalam","6109","Valeur en devise locale","22008","Produit Intérieur Brut","2017","2017","millions","16747.678102","X","Sources internationales sûres",""
"MK","Indicateurs macro","26","Brunéi Darussalam","6109","Valeur en devise locale","22008","Produit Intérieur Brut","2018","2018","millions","18300.660514","X","Sources internationales sûres",""
"MK","Indicateurs macro","27","Bulgarie","6109","Valeur en devise locale","22008","Produit Intérieur Brut","2017","2017","millions","102307.9","X","Sources internationales sûres",""
"MK","Indicateurs macro","27","Bulgarie","6109","Valeur en devise locale","22008","Produit Intérieur Brut","2018","2018","millions","109694.8","X","Sources internationales sûres",""
"MK","Indicateurs macro","233","Burkina Faso","6109","Valeur en devise locale","22008","Produit Intérieur Brut","2017","2017","millions","8191299","X","Sources internationales sûres",""
"MK","Indicateurs macro","233","Burkina Faso","6109","Valeur en devise locale","22008","Produit Intérieur Brut","2018","2018","millions","8920421.283413","X","Sources internationales sûres",""
"MK","Indicateurs macro","29","Burundi","6109","Valeur en devise locale","22008","Produit Intérieur Brut","2017","2017","millions","5562399","X","Sources internationales sûres",""
"MK","Indicateurs macro","29","Burundi","6109","Valeur en devise locale","22008","Produit Intérieur Brut","2018","2018","millions","5490820.88855","X","Sources internationales sûres",""
"MK","Indicateurs macro","35","Cabo Verde","6109","Valeur en devise locale","22008","Produit Intérieur Brut","2017","2017","millions","173097.401173","X","Sources internationales sûres",""
"MK","Indicateurs macro","35","Cabo Verde","6109","Valeur en devise locale","22008","Produit Intérieur Brut","2018","2018","millions","183697.948822","X","Sources internationales sûres",""
"MK","Indicateurs macro","115","Cambodge","6109","Valeur en devise locale","22008","Produit Intérieur Brut","2017","2017","millions","89830525","X","Sources internationales sûres",""
"MK","Indicateurs macro","115","Cambodge","6109","Valeur en devise locale","22008","Produit Intérieur Brut","2018","2018","millions","99544275","X","Sources internationales sûres",""
"MK","Indicateurs macro","32","Cameroun","6109","Valeur en devise locale","22008","Produit Intérieur Brut","2017","2017","millions","20328363","X","Sources internationales sûres",""
"MK","Indicateurs macro","32","Cameroun","6109","Valeur en devise locale","22008","Produit Intérieur Brut","2018","2018","millions","21492534","X","Sources internationales sûres",""
"MK","Indicateurs macro","33","Canada","6109","Valeur en devise locale","22008","Produit Intérieur Brut","2017","2017","millions","2140641","X","Sources internationales sûres",""
"MK","Indicateurs macro","33","Canada","6109","Valeur en devise locale","22008","Produit Intérieur Brut","2018","2018","millions","2231168","X","Sources internationales sûres",""
"MK","Indicateurs macro","40","Chili","6109","Valeur en devise locale","22008","Produit Intérieur Brut","2017","2017","millions","179756125.796764","X","Sources internationales sûres",""
"MK","Indicateurs macro","40","Chili","6109","Valeur en devise locale","22008","Produit Intérieur Brut","2018","2018","millions","191265952.072212","X","Sources internationales sûres",""
"MK","Indicateurs macro","50","Chypre","6109","Valeur en devise locale","22008","Produit Intérieur Brut","2017","2017","millions","20039.7","X","Sources internationales sûres",""
"MK","Indicateurs macro","50","Chypre","6109","Valeur en devise locale","22008","Produit Intérieur Brut","2018","2018","millions","21137.8","X","Sources internationales sûres",""
"MK","Indicateurs macro","44","Colombie","6109","Valeur en devise locale","22008","Produit Intérieur Brut","2017","2017","millions","920471000","X","Sources internationales sûres",""
"MK","Indicateurs macro","44","Colombie","6109","Valeur en devise locale","22008","Produit Intérieur Brut","2018","2018","millions","985931000","X","Sources internationales sûres",""
"MK","Indicateurs macro","45","Comores","6109","Valeur en devise locale","22008","Produit Intérieur Brut","2017","2017","millions","469217","X","Sources internationales sûres",""
"MK","Indicateurs macro","45","Comores","6109","Valeur en devise locale","22008","Produit Intérieur Brut","2018","2018","millions","490958","X","Sources internationales sûres",""
"MK","Indicateurs macro","46","Congo","6109","Valeur en devise locale","22008","Produit Intérieur Brut","2017","2017","millions","6393990","X","Sources internationales sûres",""
"MK","Indicateurs macro","46","Congo","6109","Valeur en devise locale","22008","Produit Intérieur Brut","2018","2018","millions","7420823","X","Sources internationales sûres",""
"MK","Indicateurs macro","48","Costa Rica","6109","Valeur en devise locale","22008","Produit Intérieur Brut","2017","2017","millions","33189220.551511","X","Sources internationales sûres",""
"MK","Indicateurs macro","48","Costa Rica","6109","Valeur en devise locale","22008","Produit Intérieur Brut","2018","2018","millions","34937935.887081","X","Sources internationales sûres",""
"MK","Indicateurs macro","107","Côte d'Ivoire","6109","Valeur en devise locale","22008","Produit Intérieur Brut","2017","2017","millions","29955010","X","Sources internationales sûres",""
"MK","Indicateurs macro","107","Côte d'Ivoire","6109","Valeur en devise locale","22008","Produit Intérieur Brut","2018","2018","millions","32222000","X","Sources internationales sûres",""
"MK","Indicateurs macro","98","Croatie","6109","Valeur en devise locale","22008","Produit Intérieur Brut","2017","2017","millions","366426.127858","X","Sources internationales sûres",""
"MK","Indicateurs macro","98","Croatie","6109","Valeur en devise locale","22008","Produit Intérieur Brut","2018","2018","millions","382965.178694","X","Sources internationales sûres",""
"MK","Indicateurs macro","49","Cuba","6109","Valeur en devise locale","22008","Produit Intérieur Brut","2017","2017","millions","96851","X","Sources internationales sûres",""
"MK","Indicateurs macro","49","Cuba","6109","Valeur en devise locale","22008","Produit Intérieur Brut","2018","2018","millions","100023","X","Sources internationales sûres",""
"MK","Indicateurs macro","279","Curaçao","6109","Valeur en devise locale","22008","Produit Intérieur Brut","2017","2017","millions","5578.766107","X","Sources internationales sûres",""
"MK","Indicateurs macro","279","Curaçao","6109","Valeur en devise locale","22008","Produit Intérieur Brut","2018","2018","millions","5598.955388","X","Sources internationales sûres",""
"MK","Indicateurs macro","54","Danemark","6109","Valeur en devise locale","22008","Produit Intérieur Brut","2017","2017","millions","2192960.002","X","Sources internationales sûres",""
"MK","Indicateurs macro","54","Danemark","6109","Valeur en devise locale","22008","Produit Intérieur Brut","2018","2018","millions","2253557.994","X","Sources internationales sûres",""
"MK","Indicateurs macro","72","Djibouti","6109","Valeur en devise locale","22008","Produit Intérieur Brut","2017","2017","millions","491727.793791","X","Sources internationales sûres",""
"MK","Indicateurs macro","72","Djibouti","6109","Valeur en devise locale","22008","Produit Intérieur Brut","2018","2018","millions","519540","X","Sources internationales sûres",""
"MK","Indicateurs macro","55","Dominique","6109","Valeur en devise locale","22008","Produit Intérieur Brut","2017","2017","millions","1403.55","X","Sources internationales sûres",""
"MK","Indicateurs macro","55","Dominique","6109","Valeur en devise locale","22008","Produit Intérieur Brut","2018","2018","millions","1486.68","X","Sources internationales sûres",""
"MK","Indicateurs macro","59","Égypte","6109","Valeur en devise locale","22008","Produit Intérieur Brut","2017","2017","millions","3470000","X","Sources internationales sûres",""
"MK","Indicateurs macro","59","Égypte","6109","Valeur en devise locale","22008","Produit Intérieur Brut","2018","2018","millions","4437400","X","Sources internationales sûres",""
"MK","Indicateurs macro","60","El Salvador","6109","Valeur en devise locale","22008","Produit Intérieur Brut","2017","2017","millions","24979.19","X","Sources internationales sûres",""
"MK","Indicateurs macro","60","El Salvador","6109","Valeur en devise locale","22008","Produit Intérieur Brut","2018","2018","millions","26117.4","X","Sources internationales sûres",""
"MK","Indicateurs macro","225","Émirats arabes unis","6109","Valeur en devise locale","22008","Produit Intérieur Brut","2017","2017","millions","1416136.223925","X","Sources internationales sûres",""
"MK","Indicateurs macro","225","Émirats arabes unis","6109","Valeur en devise locale","22008","Produit Intérieur Brut","2018","2018","millions","1550584.747566","X","Sources internationales sûres",""
"MK","Indicateurs macro","58","Équateur","6109","Valeur en devise locale","22008","Produit Intérieur Brut","2017","2017","millions","104295.862","X","Sources internationales sûres",""
"MK","Indicateurs macro","58","Équateur","6109","Valeur en devise locale","22008","Produit Intérieur Brut","2018","2018","millions","107562.008","X","Sources internationales sûres",""
"MK","Indicateurs macro","178","Érythrée","6109","Valeur en devise locale","22008","Produit Intérieur Brut","2017","2017","millions","28702.3","X","Sources internationales sûres",""
"MK","Indicateurs macro","178","Érythrée","6109","Valeur en devise locale","22008","Produit Intérieur Brut","2018","2018","millions","30235.3","X","Sources internationales sûres",""
"MK","Indicateurs macro","203","Espagne","6109","Valeur en devise locale","22008","Produit Intérieur Brut","2017","2017","millions","1161867","X","Sources internationales sûres",""
"MK","Indicateurs macro","203","Espagne","6109","Valeur en devise locale","22008","Produit Intérieur Brut","2018","2018","millions","1204241","X","Sources internationales sûres",""
"MK","Indicateurs macro","63","Estonie","6109","Valeur en devise locale","22008","Produit Intérieur Brut","2017","2017","millions","23857.748","X","Sources internationales sûres",""
"MK","Indicateurs macro","63","Estonie","6109","Valeur en devise locale","22008","Produit Intérieur Brut","2018","2018","millions","25937.614","X","Sources internationales sûres",""
"MK","Indicateurs macro","209","Eswatini","6109","Valeur en devise locale","22008","Produit Intérieur Brut","2017","2017","millions","59285.389793","X","Sources internationales sûres",""
"MK","Indicateurs macro","209","Eswatini","6109","Valeur en devise locale","22008","Produit Intérieur Brut","2018","2018","millions","62474.087112","X","Sources internationales sûres",""
"MK","Indicateurs macro","231","États-Unis d'Amérique","6109","Valeur en devise locale","22008","Produit Intérieur Brut","2017","2017","millions","19542980","X","Sources internationales sûres",""
"MK","Indicateurs macro","231","États-Unis d'Amérique","6109","Valeur en devise locale","22008","Produit Intérieur Brut","2018","2018","millions","20611861","X","Sources internationales sûres",""
"MK","Indicateurs macro","238","Éthiopie","6109","Valeur en devise locale","22008","Produit Intérieur Brut","2017","2017","millions","1832785.962364","X","Sources internationales sûres",""
"MK","Indicateurs macro","238","Éthiopie","6109","Valeur en devise locale","22008","Produit Intérieur Brut","2018","2018","millions","2200120.588249","X","Sources internationales sûres",""
"MK","Indicateurs macro","185","Fédération de Russie","6109","Valeur en devise locale","22008","Produit Intérieur Brut","2017","2017","millions","92040416.388303","X","Sources internationales sûres",""
"MK","Indicateurs macro","185","Fédération de Russie","6109","Valeur en devise locale","22008","Produit Intérieur Brut","2018","2018","millions","104559040.232414","X","Sources internationales sûres",""
"MK","Indicateurs macro","66","Fidji","6109","Valeur en devise locale","22008","Produit Intérieur Brut","2017","2017","millions","11065","X","Sources internationales sûres",""
"MK","Indicateurs macro","66","Fidji","6109","Valeur en devise locale","22008","Produit Intérieur Brut","2018","2018","millions","11557.4","X","Sources internationales sûres",""
"MK","Indicateurs macro","67","Finlande","6109","Valeur en devise locale","22008","Produit Intérieur Brut","2017","2017","millions","225933","X","Sources internationales sûres",""
"MK","Indicateurs macro","67","Finlande","6109","Valeur en devise locale","22008","Produit Intérieur Brut","2018","2018","millions","233664","X","Sources internationales sûres",""
"MK","Indicateurs macro","68","France","6109","Valeur en devise locale","22008","Produit Intérieur Brut","2017","2017","millions","2297242","X","Sources internationales sûres",""
"MK","Indicateurs macro","68","France","6109","Valeur en devise locale","22008","Produit Intérieur Brut","2018","2018","millions","2360687","X","Sources internationales sûres",""
"MK","Indicateurs macro","74","Gabon","6109","Valeur en devise locale","22008","Produit Intérieur Brut","2017","2017","millions","8668900","X","Sources internationales sûres",""
"MK","Indicateurs macro","74","Gabon","6109","Valeur en devise locale","22008","Produit Intérieur Brut","2018","2018","millions","9439300","X","Sources internationales sûres",""
"MK","Indicateurs macro","75","Gambie","6109","Valeur en devise locale","22008","Produit Intérieur Brut","2017","2017","millions","70142.188245","X","Sources internationales sûres",""
"MK","Indicateurs macro","75","Gambie","6109","Valeur en devise locale","22008","Produit Intérieur Brut","2018","2018","millions","80649.249598","X","Sources internationales sûres",""
"MK","Indicateurs macro","73","Géorgie","6109","Valeur en devise locale","22008","Produit Intérieur Brut","2017","2017","millions","40761.663457","X","Sources internationales sûres",""
"MK","Indicateurs macro","73","Géorgie","6109","Valeur en devise locale","22008","Produit Intérieur Brut","2018","2018","millions","44599.342781","X","Sources internationales sûres",""
"MK","Indicateurs macro","81","Ghana","6109","Valeur en devise locale","22008","Produit Intérieur Brut","2017","2017","millions","256671.374729","X","Sources internationales sûres",""
"MK","Indicateurs macro","81","Ghana","6109","Valeur en devise locale","22008","Produit Intérieur Brut","2018","2018","millions","300596.054638","X","Sources internationales sûres",""
"MK","Indicateurs macro","84","Grèce","6109","Valeur en devise locale","22008","Produit Intérieur Brut","2017","2017","millions","177151.885","X","Sources internationales sûres",""
"MK","Indicateurs macro","84","Grèce","6109","Valeur en devise locale","22008","Produit Intérieur Brut","2018","2018","millions","179727.301","X","Sources internationales sûres",""
"MK","Indicateurs macro","86","Grenade","6109","Valeur en devise locale","22008","Produit Intérieur Brut","2017","2017","millions","3039.351156","X","Sources internationales sûres",""
"MK","Indicateurs macro","86","Grenade","6109","Valeur en devise locale","22008","Produit Intérieur Brut","2018","2018","millions","3155.479665","X","Sources internationales sûres",""
"MK","Indicateurs macro","85","Groenland","6109","Valeur en devise locale","22008","Produit Intérieur Brut","2017","2017","millions","18664.1","X","Sources internationales sûres",""
"MK","Indicateurs macro","85","Groenland","6109","Valeur en devise locale","22008","Produit Intérieur Brut","2018","2018","millions","19269.8","X","Sources internationales sûres",""
"MK","Indicateurs macro","89","Guatemala","6109","Valeur en devise locale","22008","Produit Intérieur Brut","2017","2017","millions","526200.406193","X","Sources internationales sûres",""
"MK","Indicateurs macro","89","Guatemala","6109","Valeur en devise locale","22008","Produit Intérieur Brut","2018","2018","millions","549789.977631","X","Sources internationales sûres",""
"MK","Indicateurs macro","90","Guinée","6109","Valeur en devise locale","22008","Produit Intérieur Brut","2017","2017","millions","93833883.938327","X","Sources internationales sûres",""
"MK","Indicateurs macro","90","Guinée","6109","Valeur en devise locale","22008","Produit Intérieur Brut","2018","2018","millions","98286378.055266","X","Sources internationales sûres",""
"MK","Indicateurs macro","61","Guinée équatoriale","6109","Valeur en devise locale","22008","Produit Intérieur Brut","2017","2017","millions","7084543","X","Sources internationales sûres",""
"MK","Indicateurs macro","61","Guinée équatoriale","6109","Valeur en devise locale","22008","Produit Intérieur Brut","2018","2018","millions","7375490.00021","X","Sources internationales sûres",""
"MK","Indicateurs macro","175","Guinée-Bissau","6109","Valeur en devise locale","22008","Produit Intérieur Brut","2017","2017","millions","783989.395347","X","Sources internationales sûres",""
"MK","Indicateurs macro","175","Guinée-Bissau","6109","Valeur en devise locale","22008","Produit Intérieur Brut","2018","2018","millions","767878.935307","X","Sources internationales sûres",""
"MK","Indicateurs macro","91","Guyana","6109","Valeur en devise locale","22008","Produit Intérieur Brut","2017","2017","millions","980498","X","Sources internationales sûres",""
"MK","Indicateurs macro","91","Guyana","6109","Valeur en devise locale","22008","Produit Intérieur Brut","2018","2018","millions","994472","X","Sources internationales sûres",""
"MK","Indicateurs macro","93","Haïti","6109","Valeur en devise locale","22008","Produit Intérieur Brut","2017","2017","millions","551911","X","Sources internationales sûres",""
"MK","Indicateurs macro","93","Haïti","6109","Valeur en devise locale","22008","Produit Intérieur Brut","2018","2018","millions","631829","X","Sources internationales sûres",""
"MK","Indicateurs macro","95","Honduras","6109","Valeur en devise locale","22008","Produit Intérieur Brut","2017","2017","millions","543403","X","Sources internationales sûres",""
"MK","Indicateurs macro","95","Honduras","6109","Valeur en devise locale","22008","Produit Intérieur Brut","2018","2018","millions","574243","X","Sources internationales sûres",""
"MK","Indicateurs macro","97","Hongrie","6109","Valeur en devise locale","22008","Produit Intérieur Brut","2017","2017","millions","39233430","X","Sources internationales sûres",""
"MK","Indicateurs macro","97","Hongrie","6109","Valeur en devise locale","22008","Produit Intérieur Brut","2018","2018","millions","43347041","X","Sources internationales sûres",""
"MK","Indicateurs macro","36","Îles Caïmanes","6109","Valeur en devise locale","22008","Produit Intérieur Brut","2017","2017","millions","4294.0705","X","Sources internationales sûres",""
"MK","Indicateurs macro","36","Îles Caïmanes","6109","Valeur en devise locale","22008","Produit Intérieur Brut","2018","2018","millions","4597.6172","X","Sources internationales sûres",""
"MK","Indicateurs macro","47","Îles Cook","6109","Valeur en devise locale","22008","Produit Intérieur Brut","2017","2017","millions","486.41298","X","Sources internationales sûres",""
"MK","Indicateurs macro","47","Îles Cook","6109","Valeur en devise locale","22008","Produit Intérieur Brut","2018","2018","millions","524.215273","X","Sources internationales sûres",""
"MK","Indicateurs macro","127","Îles Marshall","6109","Valeur en devise locale","22008","Produit Intérieur Brut","2017","2017","millions","207.749821","X","Sources internationales sûres",""
"MK","Indicateurs macro","127","Îles Marshall","6109","Valeur en devise locale","22008","Produit Intérieur Brut","2018","2018","millions","221.277954","X","Sources internationales sûres",""
"MK","Indicateurs macro","25","Îles Salomon","6109","Valeur en devise locale","22008","Produit Intérieur Brut","2017","2017","millions","9589.055008","X","Sources internationales sûres",""
"MK","Indicateurs macro","25","Îles Salomon","6109","Valeur en devise locale","22008","Produit Intérieur Brut","2018","2018","millions","10386.412357","X","Sources internationales sûres",""
"MK","Indicateurs macro","224","Îles Turques-et-Caïques","6109","Valeur en devise locale","22008","Produit Intérieur Brut","2017","2017","millions","1022.37","X","Sources internationales sûres",""
"MK","Indicateurs macro","224","Îles Turques-et-Caïques","6109","Valeur en devise locale","22008","Produit Intérieur Brut","2018","2018","millions","1113.18","X","Sources internationales sûres",""
"MK","Indicateurs macro","239","Îles Vierges britanniques","6109","Valeur en devise locale","22008","Produit Intérieur Brut","2017","2017","millions","1207.33","X","Sources internationales sûres",""
"MK","Indicateurs macro","239","Îles Vierges britanniques","6109","Valeur en devise locale","22008","Produit Intérieur Brut","2018","2018","millions","1248.645201","X","Sources internationales sûres",""
"MK","Indicateurs macro","100","Inde","6109","Valeur en devise locale","22008","Produit Intérieur Brut","2017","2017","millions","170983040","X","Sources internationales sûres",""
"MK","Indicateurs macro","100","Inde","6109","Valeur en devise locale","22008","Produit Intérieur Brut","2018","2018","millions","189712370","X","Sources internationales sûres",""
"MK","Indicateurs macro","101","Indonésie","6109","Valeur en devise locale","22008","Produit Intérieur Brut","2017","2017","millions","13589825700.02","X","Sources internationales sûres",""
"MK","Indicateurs macro","101","Indonésie","6109","Valeur en devise locale","22008","Produit Intérieur Brut","2018","2018","millions","14838311500.01","X","Sources internationales sûres",""
"MK","Indicateurs macro","102","Iran (République islamique d')","6109","Valeur en devise locale","22008","Produit Intérieur Brut","2017","2017","millions","15316529600","X","Sources internationales sûres",""
"MK","Indicateurs macro","102","Iran (République islamique d')","6109","Valeur en devise locale","22008","Produit Intérieur Brut","2018","2018","millions","18876880802.2838","X","Sources internationales sûres",""
"MK","Indicateurs macro","103","Iraq","6109","Valeur en devise locale","22008","Produit Intérieur Brut","2017","2017","millions","225722375.5","X","Sources internationales sûres",""
"MK","Indicateurs macro","103","Iraq","6109","Valeur en devise locale","22008","Produit Intérieur Brut","2018","2018","millions","254870184.6","X","Sources internationales sûres",""
"MK","Indicateurs macro","104","Irlande","6109","Valeur en devise locale","22008","Produit Intérieur Brut","2017","2017","millions","300386.85","X","Sources internationales sûres",""
"MK","Indicateurs macro","104","Irlande","6109","Valeur en devise locale","22008","Produit Intérieur Brut","2018","2018","millions","326986.06","X","Sources internationales sûres",""
"MK","Indicateurs macro","99","Islande","6109","Valeur en devise locale","22008","Produit Intérieur Brut","2017","2017","millions","2616306.301","X","Sources internationales sûres",""
"MK","Indicateurs macro","99","Islande","6109","Valeur en devise locale","22008","Produit Intérieur Brut","2018","2018","millions","2787386.003","X","Sources internationales sûres",""
"MK","Indicateurs macro","105","Israël","6109","Valeur en devise locale","22008","Produit Intérieur Brut","2017","2017","millions","1271555.266","X","Sources internationales sûres",""
"MK","Indicateurs macro","105","Israël","6109","Valeur en devise locale","22008","Produit Intérieur Brut","2018","2018","millions","1330617.6781","X","Sources internationales sûres",""
"MK","Indicateurs macro","106","Italie","6109","Valeur en devise locale","22008","Produit Intérieur Brut","2017","2017","millions","1736592.8","X","Sources internationales sûres",""
"MK","Indicateurs macro","106","Italie","6109","Valeur en devise locale","22008","Produit Intérieur Brut","2018","2018","millions","1771063.1","X","Sources internationales sûres",""
"MK","Indicateurs macro","109","Jamaïque","6109","Valeur en devise locale","22008","Produit Intérieur Brut","2017","2017","millions","1895025","X","Sources internationales sûres",""
"MK","Indicateurs macro","109","Jamaïque","6109","Valeur en devise locale","22008","Produit Intérieur Brut","2018","2018","millions","2027251","X","Sources internationales sûres",""
"MK","Indicateurs macro","110","Japon","6109","Valeur en devise locale","22008","Produit Intérieur Brut","2017","2017","millions","545897400","X","Sources internationales sûres",""
"MK","Indicateurs macro","110","Japon","6109","Valeur en devise locale","22008","Produit Intérieur Brut","2018","2018","millions","547125500","X","Sources internationales sûres",""
"MK","Indicateurs macro","112","Jordanie","6109","Valeur en devise locale","22008","Produit Intérieur Brut","2017","2017","millions","29400","X","Sources internationales sûres",""
"MK","Indicateurs macro","112","Jordanie","6109","Valeur en devise locale","22008","Produit Intérieur Brut","2018","2018","millions","30482","X","Sources internationales sûres",""
"MK","Indicateurs macro","108","Kazakhstan","6109","Valeur en devise locale","22008","Produit Intérieur Brut","2017","2017","millions","54378857.8","X","Sources internationales sûres",""
"MK","Indicateurs macro","108","Kazakhstan","6109","Valeur en devise locale","22008","Produit Intérieur Brut","2018","2018","millions","61819536.4","X","Sources internationales sûres",""
"MK","Indicateurs macro","114","Kenya","6109","Valeur en devise locale","22008","Produit Intérieur Brut","2017","2017","millions","8165842.244192","X","Sources internationales sûres",""
"MK","Indicateurs macro","114","Kenya","6109","Valeur en devise locale","22008","Produit Intérieur Brut","2018","2018","millions","8892110.94595","X","Sources internationales sûres",""
"MK","Indicateurs macro","113","Kirghizistan","6109","Valeur en devise locale","22008","Produit Intérieur Brut","2017","2017","millions","530475.7","X","Sources internationales sûres",""
"MK","Indicateurs macro","113","Kirghizistan","6109","Valeur en devise locale","22008","Produit Intérieur Brut","2018","2018","millions","569385.6","X","Sources internationales sûres",""
"MK","Indicateurs macro","83","Kiribati","6109","Valeur en devise locale","22008","Produit Intérieur Brut","2017","2017","millions","244.357888","X","Sources internationales sûres",""
"MK","Indicateurs macro","83","Kiribati","6109","Valeur en devise locale","22008","Produit Intérieur Brut","2018","2018","millions","263.314265","X","Sources internationales sûres",""
"MK","Indicateurs macro","118","Koweït","6109","Valeur en devise locale","22008","Produit Intérieur Brut","2017","2017","millions","36610.565161","X","Sources internationales sûres",""
"MK","Indicateurs macro","118","Koweït","6109","Valeur en devise locale","22008","Produit Intérieur Brut","2018","2018","millions","42474.853857","X","Sources internationales sûres",""
"MK","Indicateurs macro","122","Lesotho","6109","Valeur en devise locale","22008","Produit Intérieur Brut","2017","2017","millions","32047.594673","X","Sources internationales sûres",""
"MK","Indicateurs macro","122","Lesotho","6109","Valeur en devise locale","22008","Produit Intérieur Brut","2018","2018","millions","34089.100597","X","Sources internationales sûres",""
"MK","Indicateurs macro","119","Lettonie","6109","Valeur en devise locale","22008","Produit Intérieur Brut","2017","2017","millions","26962.263","X","Sources internationales sûres",""
"MK","Indicateurs macro","119","Lettonie","6109","Valeur en devise locale","22008","Produit Intérieur Brut","2018","2018","millions","29142.539","X","Sources internationales sûres",""
"MK","Indicateurs macro","121","Liban","6109","Valeur en devise locale","22008","Produit Intérieur Brut","2017","2017","millions","80109512.190738","X","Sources internationales sûres",""
"MK","Indicateurs macro","121","Liban","6109","Valeur en devise locale","22008","Produit Intérieur Brut","2018","2018","millions","82854123.180351","X","Sources internationales sûres",""
"MK","Indicateurs macro","123","Libéria","6109","Valeur en devise locale","22008","Produit Intérieur Brut","2017","2017","millions","2763","X","Sources internationales sûres",""
"MK","Indicateurs macro","123","Libéria","6109","Valeur en devise locale","22008","Produit Intérieur Brut","2018","2018","millions","2744.956787","X","Sources internationales sûres",""
"MK","Indicateurs macro","124","Libye","6109","Valeur en devise locale","22008","Produit Intérieur Brut","2017","2017","millions","34573.421418","X","Sources internationales sûres",""
"MK","Indicateurs macro","124","Libye","6109","Valeur en devise locale","22008","Produit Intérieur Brut","2018","2018","millions","47414.174171","X","Sources internationales sûres",""
"MK","Indicateurs macro","125","Liechtenstein","6109","Valeur en devise locale","22008","Produit Intérieur Brut","2017","2017","millions","6375.2","X","Sources internationales sûres",""
"MK","Indicateurs macro","125","Liechtenstein","6109","Valeur en devise locale","22008","Produit Intérieur Brut","2018","2018","millions","6688","X","Sources internationales sûres",""
"MK","Indicateurs macro","126","Lituanie","6109","Valeur en devise locale","22008","Produit Intérieur Brut","2017","2017","millions","42276.297","X","Sources internationales sûres",""
"MK","Indicateurs macro","126","Lituanie","6109","Valeur en devise locale","22008","Produit Intérieur Brut","2018","2018","millions","45491.069","X","Sources internationales sûres",""
"MK","Indicateurs macro","256","Luxembourg","6109","Valeur en devise locale","22008","Produit Intérieur Brut","2017","2017","millions","56814.211","X","Sources internationales sûres",""
"MK","Indicateurs macro","256","Luxembourg","6109","Valeur en devise locale","22008","Produit Intérieur Brut","2018","2018","millions","60053.082","X","Sources internationales sûres",""
"MK","Indicateurs macro","154","Macédoine du Nord","6109","Valeur en devise locale","22008","Produit Intérieur Brut","2017","2017","millions","618105.682352","X","Sources internationales sûres",""
"MK","Indicateurs macro","154","Macédoine du Nord","6109","Valeur en devise locale","22008","Produit Intérieur Brut","2018","2018","millions","658053","X","Sources internationales sûres",""
"MK","Indicateurs macro","129","Madagascar","6109","Valeur en devise locale","22008","Produit Intérieur Brut","2017","2017","millions","41058842.551972","X","Sources internationales sûres",""
"MK","Indicateurs macro","129","Madagascar","6109","Valeur en devise locale","22008","Produit Intérieur Brut","2018","2018","millions","45886302.01667","X","Sources internationales sûres",""
"MK","Indicateurs macro","131","Malaisie","6109","Valeur en devise locale","22008","Produit Intérieur Brut","2017","2017","millions","1372310","X","Sources internationales sûres",""
"MK","Indicateurs macro","131","Malaisie","6109","Valeur en devise locale","22008","Produit Intérieur Brut","2018","2018","millions","1447451","X","Sources internationales sûres",""
"MK","Indicateurs macro","130","Malawi","6109","Valeur en devise locale","22008","Produit Intérieur Brut","2017","2017","millions","4635556.360638","X","Sources internationales sûres",""
"MK","Indicateurs macro","130","Malawi","6109","Valeur en devise locale","22008","Produit Intérieur Brut","2018","2018","millions","5258468.942412","X","Sources internationales sûres",""
"MK","Indicateurs macro","132","Maldives","6109","Valeur en devise locale","22008","Produit Intérieur Brut","2017","2017","millions","73153","X","Sources internationales sûres",""
"MK","Indicateurs macro","132","Maldives","6109","Valeur en devise locale","22008","Produit Intérieur Brut","2018","2018","millions","81586","X","Sources internationales sûres",""
"MK","Indicateurs macro","133","Mali","6109","Valeur en devise locale","22008","Produit Intérieur Brut","2017","2017","millions","8922205","X","Sources internationales sûres",""
"MK","Indicateurs macro","133","Mali","6109","Valeur en devise locale","22008","Produit Intérieur Brut","2018","2018","millions","9481952.937824","X","Sources internationales sûres",""
"MK","Indicateurs macro","134","Malte","6109","Valeur en devise locale","22008","Produit Intérieur Brut","2017","2017","millions","11321.7","X","Sources internationales sûres",""
"MK","Indicateurs macro","134","Malte","6109","Valeur en devise locale","22008","Produit Intérieur Brut","2018","2018","millions","12402.8","X","Sources internationales sûres",""
"MK","Indicateurs macro","143","Maroc","6109","Valeur en devise locale","22008","Produit Intérieur Brut","2017","2017","millions","1063045","X","Sources internationales sûres",""
"MK","Indicateurs macro","143","Maroc","6109","Valeur en devise locale","22008","Produit Intérieur Brut","2018","2018","millions","1108463","X","Sources internationales sûres",""
"MK","Indicateurs macro","137","Maurice","6109","Valeur en devise locale","22008","Produit Intérieur Brut","2017","2017","millions","457201","X","Sources internationales sûres",""
"MK","Indicateurs macro","137","Maurice","6109","Valeur en devise locale","22008","Produit Intérieur Brut","2018","2018","millions","481251","X","Sources internationales sûres",""
"MK","Indicateurs macro","136","Mauritanie","6109","Valeur en devise locale","22008","Produit Intérieur Brut","2017","2017","millions","241912.541112","X","Sources internationales sûres",""
"MK","Indicateurs macro","136","Mauritanie","6109","Valeur en devise locale","22008","Produit Intérieur Brut","2018","2018","millions","251496.754534","X","Sources internationales sûres",""
"MK","Indicateurs macro","138","Mexique","6109","Valeur en devise locale","22008","Produit Intérieur Brut","2017","2017","millions","21911893.797","X","Sources internationales sûres",""
"MK","Indicateurs macro","138","Mexique","6109","Valeur en devise locale","22008","Produit Intérieur Brut","2018","2018","millions","23491507.017","X","Sources internationales sûres",""
"MK","Indicateurs macro","145","Micronésie (États fédérés de)","6109","Valeur en devise locale","22008","Produit Intérieur Brut","2017","2017","millions","366.7","X","Sources internationales sûres",""
"MK","Indicateurs macro","145","Micronésie (États fédérés de)","6109","Valeur en devise locale","22008","Produit Intérieur Brut","2018","2018","millions","401.9","X","Sources internationales sûres",""
"MK","Indicateurs macro","140","Monaco","6109","Valeur en devise locale","22008","Produit Intérieur Brut","2017","2017","millions","5693.001","X","Sources internationales sûres",""
"MK","Indicateurs macro","140","Monaco","6109","Valeur en devise locale","22008","Produit Intérieur Brut","2018","2018","millions","6091.9","X","Sources internationales sûres",""
"MK","Indicateurs macro","141","Mongolie","6109","Valeur en devise locale","22008","Produit Intérieur Brut","2017","2017","millions","27876297.218238","X","Sources internationales sûres",""
"MK","Indicateurs macro","141","Mongolie","6109","Valeur en devise locale","22008","Produit Intérieur Brut","2018","2018","millions","32411224.108731","X","Sources internationales sûres",""
"MK","Indicateurs macro","273","Monténégro","6109","Valeur en devise locale","22008","Produit Intérieur Brut","2017","2017","millions","4299.1","X","Sources internationales sûres",""
"MK","Indicateurs macro","273","Monténégro","6109","Valeur en devise locale","22008","Produit Intérieur Brut","2018","2018","millions","4663.1","X","Sources internationales sûres",""
"MK","Indicateurs macro","142","Montserrat","6109","Valeur en devise locale","22008","Produit Intérieur Brut","2017","2017","millions","161.1","X","Sources internationales sûres",""
"MK","Indicateurs macro","142","Montserrat","6109","Valeur en devise locale","22008","Produit Intérieur Brut","2018","2018","millions","167.65","X","Sources internationales sûres",""
"MK","Indicateurs macro","144","Mozambique","6109","Valeur en devise locale","22008","Produit Intérieur Brut","2017","2017","millions","840526.224609","X","Sources internationales sûres",""
"MK","Indicateurs macro","144","Mozambique","6109","Valeur en devise locale","22008","Produit Intérieur Brut","2018","2018","millions","895566.718655","X","Sources internationales sûres",""
"MK","Indicateurs macro","28","Myanmar","6109","Valeur en devise locale","22008","Produit Intérieur Brut","2017","2017","millions","92588955.1","X","Sources internationales sûres",""
"MK","Indicateurs macro","28","Myanmar","6109","Valeur en devise locale","22008","Produit Intérieur Brut","2018","2018","millions","105258500.8","X","Sources internationales sûres",""
"MK","Indicateurs macro","147","Namibie","6109","Valeur en devise locale","22008","Produit Intérieur Brut","2017","2017","millions","169528.9375","X","Sources internationales sûres",""
"MK","Indicateurs macro","147","Namibie","6109","Valeur en devise locale","22008","Produit Intérieur Brut","2018","2018","millions","178051.6875","X","Sources internationales sûres",""
"MK","Indicateurs macro","148","Nauru","6109","Valeur en devise locale","22008","Produit Intérieur Brut","2017","2017","millions","167.978973","X","Sources internationales sûres",""
"MK","Indicateurs macro","148","Nauru","6109","Valeur en devise locale","22008","Produit Intérieur Brut","2018","2018","millions","184.973404","X","Sources internationales sûres",""
"MK","Indicateurs macro","149","Népal","6109","Valeur en devise locale","22008","Produit Intérieur Brut","2017","2017","millions","2674492.753663","X","Sources internationales sûres",""
"MK","Indicateurs macro","149","Népal","6109","Valeur en devise locale","22008","Produit Intérieur Brut","2018","2018","millions","3044927.121985","X","Sources internationales sûres",""
"MK","Indicateurs macro","157","Nicaragua","6109","Valeur en devise locale","22008","Produit Intérieur Brut","2017","2017","millions","414279.057376","X","Sources internationales sûres",""
"MK","Indicateurs macro","157","Nicaragua","6109","Valeur en devise locale","22008","Produit Intérieur Brut","2018","2018","millions","412207.002803","X","Sources internationales sûres",""
"MK","Indicateurs macro","158","Niger","6109","Valeur en devise locale","22008","Produit Intérieur Brut","2017","2017","millions","6485967.705082","X","Sources internationales sûres",""
"MK","Indicateurs macro","158","Niger","6109","Valeur en devise locale","22008","Produit Intérieur Brut","2018","2018","millions","7121376.332199","X","Sources internationales sûres",""
"MK","Indicateurs macro","159","Nigéria","6109","Valeur en devise locale","22008","Produit Intérieur Brut","2017","2017","millions","114906663.515904","X","Sources internationales sûres",""
"MK","Indicateurs macro","159","Nigéria","6109","Valeur en devise locale","22008","Produit Intérieur Brut","2018","2018","millions","129112625.226295","X","Sources internationales sûres",""
"MK","Indicateurs macro","162","Norvège","6109","Valeur en devise locale","22008","Produit Intérieur Brut","2017","2017","millions","3295382","X","Sources internationales sûres",""
"MK","Indicateurs macro","162","Norvège","6109","Valeur en devise locale","22008","Produit Intérieur Brut","2018","2018","millions","3530860","X","Sources internationales sûres",""
"MK","Indicateurs macro","153","Nouvelle-Calédonie","6109","Valeur en devise locale","22008","Produit Intérieur Brut","2017","2017","millions","999156.974436","X","Sources internationales sûres",""
"MK","Indicateurs macro","153","Nouvelle-Calédonie","6109","Valeur en devise locale","22008","Produit Intérieur Brut","2018","2018","millions","1028000","X","Sources internationales sûres",""
"MK","Indicateurs macro","156","Nouvelle-Zélande","6109","Valeur en devise locale","22008","Produit Intérieur Brut","2017","2017","millions","289104","X","Sources internationales sûres",""
"MK","Indicateurs macro","156","Nouvelle-Zélande","6109","Valeur en devise locale","22008","Produit Intérieur Brut","2018","2018","millions","300499","X","Sources internationales sûres",""
"MK","Indicateurs macro","221","Oman","6109","Valeur en devise locale","22008","Produit Intérieur Brut","2017","2017","millions","27144.941106","X","Sources internationales sûres",""
"MK","Indicateurs macro","221","Oman","6109","Valeur en devise locale","22008","Produit Intérieur Brut","2018","2018","millions","30678.781669","X","Sources internationales sûres",""
"MK","Indicateurs macro","226","Ouganda","6109","Valeur en devise locale","22008","Produit Intérieur Brut","2017","2017","millions","97918886.032879","X","Sources internationales sûres",""
"MK","Indicateurs macro","226","Ouganda","6109","Valeur en devise locale","22008","Produit Intérieur Brut","2018","2018","millions","110649303.399241","X","Sources internationales sûres",""
"MK","Indicateurs macro","235","Ouzbékistan","6109","Valeur en devise locale","22008","Produit Intérieur Brut","2017","2017","millions","302536816.1","X","Sources internationales sûres",""
"MK","Indicateurs macro","235","Ouzbékistan","6109","Valeur en devise locale","22008","Produit Intérieur Brut","2018","2018","millions","406648542.9","X","Sources internationales sûres",""
"MK","Indicateurs macro","165","Pakistan","6109","Valeur en devise locale","22008","Produit Intérieur Brut","2017","2017","millions","31922302.944406","X","Sources internationales sûres",""
"MK","Indicateurs macro","165","Pakistan","6109","Valeur en devise locale","22008","Produit Intérieur Brut","2018","2018","millions","34618576.495159","X","Sources internationales sûres",""
"MK","Indicateurs macro","180","Palaos","6109","Valeur en devise locale","22008","Produit Intérieur Brut","2017","2017","millions","287.564063","X","Sources internationales sûres",""
"MK","Indicateurs macro","180","Palaos","6109","Valeur en devise locale","22008","Produit Intérieur Brut","2018","2018","millions","285.331219","X","Sources internationales sûres",""
"MK","Indicateurs macro","299","Palestine","6109","Valeur en devise locale","22008","Produit Intérieur Brut","2017","2017","millions","16128","X","Sources internationales sûres",""
"MK","Indicateurs macro","299","Palestine","6109","Valeur en devise locale","22008","Produit Intérieur Brut","2018","2018","millions","16276.6","X","Sources internationales sûres",""
"MK","Indicateurs macro","166","Panama","6109","Valeur en devise locale","22008","Produit Intérieur Brut","2017","2017","millions","62202.725204","X","Sources internationales sûres",""
"MK","Indicateurs macro","166","Panama","6109","Valeur en devise locale","22008","Produit Intérieur Brut","2018","2018","millions","64928.273258","X","Sources internationales sûres",""
"MK","Indicateurs macro","168","Papouasie-Nouvelle-Guinée","6109","Valeur en devise locale","22008","Produit Intérieur Brut","2017","2017","millions","72521.646086","X","Sources internationales sûres",""
"MK","Indicateurs macro","168","Papouasie-Nouvelle-Guinée","6109","Valeur en devise locale","22008","Produit Intérieur Brut","2018","2018","millions","79404.670711","X","Sources internationales sûres",""
"MK","Indicateurs macro","169","Paraguay","6109","Valeur en devise locale","22008","Produit Intérieur Brut","2017","2017","millions","219188416.871839","X","Sources internationales sûres",""
"MK","Indicateurs macro","169","Paraguay","6109","Valeur en devise locale","22008","Produit Intérieur Brut","2018","2018","millions","231489277.582296","X","Sources internationales sûres",""
"MK","Indicateurs macro","150","Pays-Bas","6109","Valeur en devise locale","22008","Produit Intérieur Brut","2017","2017","millions","738146","X","Sources internationales sûres",""
"MK","Indicateurs macro","150","Pays-Bas","6109","Valeur en devise locale","22008","Produit Intérieur Brut","2018","2018","millions","773987","X","Sources internationales sûres",""
"MK","Indicateurs macro","170","Pérou","6109","Valeur en devise locale","22008","Produit Intérieur Brut","2017","2017","millions","687989","X","Sources internationales sûres",""
"MK","Indicateurs macro","170","Pérou","6109","Valeur en devise locale","22008","Produit Intérieur Brut","2018","2018","millions","729773","X","Sources internationales sûres",""
"MK","Indicateurs macro","171","Philippines","6109","Valeur en devise locale","22008","Produit Intérieur Brut","2017","2017","millions","15807595.679172","X","Sources internationales sûres",""
"MK","Indicateurs macro","171","Philippines","6109","Valeur en devise locale","22008","Produit Intérieur Brut","2018","2018","millions","17426201.969034","X","Sources internationales sûres",""
"MK","Indicateurs macro","173","Pologne","6109","Valeur en devise locale","22008","Produit Intérieur Brut","2017","2017","millions","1989835","X","Sources internationales sûres",""
"MK","Indicateurs macro","173","Pologne","6109","Valeur en devise locale","22008","Produit Intérieur Brut","2018","2018","millions","2121555","X","Sources internationales sûres",""
"MK","Indicateurs macro","70","Polynésie française","6109","Valeur en devise locale","22008","Produit Intérieur Brut","2017","2017","millions","608162.007519","X","Sources internationales sûres",""
"MK","Indicateurs macro","70","Polynésie française","6109","Valeur en devise locale","22008","Produit Intérieur Brut","2018","2018","millions","623974.219714","X","Sources internationales sûres",""
"MK","Indicateurs macro","177","Porto Rico","6109","Valeur en devise locale","22008","Produit Intérieur Brut","2017","2017","millions","103445.526","X","Sources internationales sûres",""
"MK","Indicateurs macro","177","Porto Rico","6109","Valeur en devise locale","22008","Produit Intérieur Brut","2018","2018","millions","100978.908","X","Sources internationales sûres",""
"MK","Indicateurs macro","174","Portugal","6109","Valeur en devise locale","22008","Produit Intérieur Brut","2017","2017","millions","195947.21","X","Sources internationales sûres",""
"MK","Indicateurs macro","174","Portugal","6109","Valeur en devise locale","22008","Produit Intérieur Brut","2018","2018","millions","205184.124","X","Sources internationales sûres",""
"MK","Indicateurs macro","179","Qatar","6109","Valeur en devise locale","22008","Produit Intérieur Brut","2017","2017","millions","607620.431214","X","Sources internationales sûres",""
"MK","Indicateurs macro","179","Qatar","6109","Valeur en devise locale","22008","Produit Intérieur Brut","2018","2018","millions","696558","X","Sources internationales sûres",""
"MK","Indicateurs macro","212","République arabe syrienne","6109","Valeur en devise locale","22008","Produit Intérieur Brut","2017","2017","millions","6572146.841888","X","Sources internationales sûres",""
"MK","Indicateurs macro","212","République arabe syrienne","6109","Valeur en devise locale","22008","Produit Intérieur Brut","2018","2018","millions","7100793.058574","X","Sources internationales sûres",""
"MK","Indicateurs macro","37","République centrafricaine","6109","Valeur en devise locale","22008","Produit Intérieur Brut","2017","2017","millions","1203324","X","Sources internationales sûres",""
"MK","Indicateurs macro","37","République centrafricaine","6109","Valeur en devise locale","22008","Produit Intérieur Brut","2018","2018","millions","1233634.69","X","Sources internationales sûres",""
"MK","Indicateurs macro","117","République de Corée","6109","Valeur en devise locale","22008","Produit Intérieur Brut","2017","2017","millions","1835698200","X","Sources internationales sûres",""
"MK","Indicateurs macro","117","République de Corée","6109","Valeur en devise locale","22008","Produit Intérieur Brut","2018","2018","millions","1898192600","X","Sources internationales sûres",""
"MK","Indicateurs macro","146","République de Moldova","6109","Valeur en devise locale","22008","Produit Intérieur Brut","2017","2017","millions","178880.889849","X","Sources internationales sûres",""
"MK","Indicateurs macro","146","République de Moldova","6109","Valeur en devise locale","22008","Produit Intérieur Brut","2018","2018","millions","192508.552733","X","Sources internationales sûres",""
"MK","Indicateurs macro","250","République démocratique du Congo","6109","Valeur en devise locale","22008","Produit Intérieur Brut","2017","2017","millions","55124300","X","Sources internationales sûres",""
"MK","Indicateurs macro","250","République démocratique du Congo","6109","Valeur en devise locale","22008","Produit Intérieur Brut","2018","2018","millions","76495499","X","Sources internationales sûres",""
"MK","Indicateurs macro","120","République démocratique populaire lao","6109","Valeur en devise locale","22008","Produit Intérieur Brut","2017","2017","millions","140749142.049976","X","Sources internationales sûres",""
"MK","Indicateurs macro","120","République démocratique populaire lao","6109","Valeur en devise locale","22008","Produit Intérieur Brut","2018","2018","millions","152414196","X","Sources internationales sûres",""
"MK","Indicateurs macro","56","République dominicaine","6109","Valeur en devise locale","22008","Produit Intérieur Brut","2017","2017","millions","3802655.772443","X","Sources internationales sûres",""
"MK","Indicateurs macro","56","République dominicaine","6109","Valeur en devise locale","22008","Produit Intérieur Brut","2018","2018","millions","4235846.766949","X","Sources internationales sûres",""
"MK","Indicateurs macro","116","République populaire démocratique de Corée","6109","Valeur en devise locale","22008","Produit Intérieur Brut","2017","2017","millions","1870904.40524","X","Sources internationales sûres",""
"MK","Indicateurs macro","116","République populaire démocratique de Corée","6109","Valeur en devise locale","22008","Produit Intérieur Brut","2018","2018","millions","1834778.002794","X","Sources internationales sûres",""
"MK","Indicateurs macro","215","République-Unie de Tanzanie","6109","Valeur en devise locale","22008","Produit Intérieur Brut","2017","2017","millions","121971548.437214","X","Sources internationales sûres",""
"MK","Indicateurs macro","215","République-Unie de Tanzanie","6109","Valeur en devise locale","22008","Produit Intérieur Brut","2018","2018","millions","132712531.311168","X","Sources internationales sûres",""
"MK","Indicateurs macro","183","Roumanie","6109","Valeur en devise locale","22008","Produit Intérieur Brut","2017","2017","millions","857895.7","X","Sources internationales sûres",""
"MK","Indicateurs macro","183","Roumanie","6109","Valeur en devise locale","22008","Produit Intérieur Brut","2018","2018","millions","952396.8","X","Sources internationales sûres",""
"MK","Indicateurs macro","229","Royaume-Uni de Grande-Bretagne et d'Irlande du Nord","6109","Valeur en devise locale","22008","Produit Intérieur Brut","2017","2017","millions","2068757","X","Sources internationales sûres",""
"MK","Indicateurs macro","229","Royaume-Uni de Grande-Bretagne et d'Irlande du Nord","6109","Valeur en devise locale","22008","Produit Intérieur Brut","2018","2018","millions","2141792","X","Sources internationales sûres",""
"MK","Indicateurs macro","184","Rwanda","6109","Valeur en devise locale","22008","Produit Intérieur Brut","2017","2017","millions","7694000","X","Sources internationales sûres",""
"MK","Indicateurs macro","184","Rwanda","6109","Valeur en devise locale","22008","Produit Intérieur Brut","2018","2018","millions","8298000","X","Sources internationales sûres",""
"MK","Indicateurs macro","189","Sainte-Lucie","6109","Valeur en devise locale","22008","Produit Intérieur Brut","2017","2017","millions","5397.54","X","Sources internationales sûres",""
"MK","Indicateurs macro","189","Sainte-Lucie","6109","Valeur en devise locale","22008","Produit Intérieur Brut","2018","2018","millions","5577.86","X","Sources internationales sûres",""
"MK","Indicateurs macro","188","Saint-Kitts-et-Nevis","6109","Valeur en devise locale","22008","Produit Intérieur Brut","2017","2017","millions","2691.75","X","Sources internationales sûres",""
"MK","Indicateurs macro","188","Saint-Kitts-et-Nevis","6109","Valeur en devise locale","22008","Produit Intérieur Brut","2018","2018","millions","2729.22","X","Sources internationales sûres",""
"MK","Indicateurs macro","192","Saint-Marin","6109","Valeur en devise locale","22008","Produit Intérieur Brut","2017","2017","millions","1353.143902","X","Sources internationales sûres",""
"MK","Indicateurs macro","192","Saint-Marin","6109","Valeur en devise locale","22008","Produit Intérieur Brut","2018","2018","millions","1401.708779","X","Sources internationales sûres",""
"MK","Indicateurs macro","191","Saint-Vincent-et-les Grenadines","6109","Valeur en devise locale","22008","Produit Intérieur Brut","2017","2017","millions","2138.88","X","Sources internationales sûres",""
"MK","Indicateurs macro","191","Saint-Vincent-et-les Grenadines","6109","Valeur en devise locale","22008","Produit Intérieur Brut","2018","2018","millions","2190.51","X","Sources internationales sûres",""
"MK","Indicateurs macro","244","Samoa","6109","Valeur en devise locale","22008","Produit Intérieur Brut","2017","2017","millions","2105.762726","X","Sources internationales sûres",""
"MK","Indicateurs macro","244","Samoa","6109","Valeur en devise locale","22008","Produit Intérieur Brut","2018","2018","millions","2156.622283","X","Sources internationales sûres",""
"MK","Indicateurs macro","193","Sao Tomé-et-Principe","6109","Valeur en devise locale","22008","Produit Intérieur Brut","2017","2017","millions","8231.170437","X","Sources internationales sûres",""
"MK","Indicateurs macro","193","Sao Tomé-et-Principe","6109","Valeur en devise locale","22008","Produit Intérieur Brut","2018","2018","millions","8618.990374","X","Sources internationales sûres",""
"MK","Indicateurs macro","195","Sénégal","6109","Valeur en devise locale","22008","Produit Intérieur Brut","2017","2017","millions","12191796","X","Sources internationales sûres",""
"MK","Indicateurs macro","195","Sénégal","6109","Valeur en devise locale","22008","Produit Intérieur Brut","2018","2018","millions","12906359","X","Sources internationales sûres",""
"MK","Indicateurs macro","272","Serbie","6109","Valeur en devise locale","22008","Produit Intérieur Brut","2017","2017","millions","4760686.4","X","Sources internationales sûres",""
"MK","Indicateurs macro","272","Serbie","6109","Valeur en devise locale","22008","Produit Intérieur Brut","2018","2018","millions","5072932.2","X","Sources internationales sûres",""
"MK","Indicateurs macro","196","Seychelles","6109","Valeur en devise locale","22008","Produit Intérieur Brut","2017","2017","millions","20806.348311","X","Sources internationales sûres",""
"MK","Indicateurs macro","196","Seychelles","6109","Valeur en devise locale","22008","Produit Intérieur Brut","2018","2018","millions","22063.764157","X","Sources internationales sûres",""
"MK","Indicateurs macro","197","Sierra Leone","6109","Valeur en devise locale","22008","Produit Intérieur Brut","2017","2017","millions","27614660","X","Sources internationales sûres",""
"MK","Indicateurs macro","197","Sierra Leone","6109","Valeur en devise locale","22008","Produit Intérieur Brut","2018","2018","millions","32401626","X","Sources internationales sûres",""
"MK","Indicateurs macro","200","Singapour","6109","Valeur en devise locale","22008","Produit Intérieur Brut","2017","2017","millions","472079.1","X","Sources internationales sûres",""
"MK","Indicateurs macro","200","Singapour","6109","Valeur en devise locale","22008","Produit Intérieur Brut","2018","2018","millions","503395.2","X","Sources internationales sûres",""
"MK","Indicateurs macro","280","Sint Maarten (partie néerlandaise)","6109","Valeur en devise locale","22008","Produit Intérieur Brut","2017","2017","millions","1815.06","X","Sources internationales sûres",""
"MK","Indicateurs macro","280","Sint Maarten (partie néerlandaise)","6109","Valeur en devise locale","22008","Produit Intérieur Brut","2018","2018","millions","1707.66","X","Sources internationales sûres",""
"MK","Indicateurs macro","199","Slovaquie","6109","Valeur en devise locale","22008","Produit Intérieur Brut","2017","2017","millions","84532.191","X","Sources internationales sûres",""
"MK","Indicateurs macro","199","Slovaquie","6109","Valeur en devise locale","22008","Produit Intérieur Brut","2018","2018","millions","89505.506","X","Sources internationales sûres",""
"MK","Indicateurs macro","198","Slovénie","6109","Valeur en devise locale","22008","Produit Intérieur Brut","2017","2017","millions","43009.129","X","Sources internationales sûres",""
"MK","Indicateurs macro","198","Slovénie","6109","Valeur en devise locale","22008","Produit Intérieur Brut","2018","2018","millions","45862.593","X","Sources internationales sûres",""
"MK","Indicateurs macro","201","Somalie","6109","Valeur en devise locale","22008","Produit Intérieur Brut","2017","2017","millions","36053070.922443","X","Sources internationales sûres",""
"MK","Indicateurs macro","201","Somalie","6109","Valeur en devise locale","22008","Produit Intérieur Brut","2018","2018","millions","37747294.976347","X","Sources internationales sûres",""
"MK","Indicateurs macro","276","Soudan","6109","Valeur en devise locale","22008","Produit Intérieur Brut","2017","2017","millions","815855.532674","X","Sources internationales sûres",""
"MK","Indicateurs macro","276","Soudan","6109","Valeur en devise locale","22008","Produit Intérieur Brut","2018","2018","millions","1176630.108017","X","Sources internationales sûres",""
"MK","Indicateurs macro","277","Soudan du Sud","6109","Valeur en devise locale","22008","Produit Intérieur Brut","2017","2017","millions","399064.351269","X","Sources internationales sûres",""
"MK","Indicateurs macro","277","Soudan du Sud","6109","Valeur en devise locale","22008","Produit Intérieur Brut","2018","2018","millions","663517.30486","X","Sources internationales sûres",""
"MK","Indicateurs macro","38","Sri Lanka","6109","Valeur en devise locale","22008","Produit Intérieur Brut","2017","2017","millions","13328103","X","Sources internationales sûres",""
"MK","Indicateurs macro","38","Sri Lanka","6109","Valeur en devise locale","22008","Produit Intérieur Brut","2018","2018","millions","14366103","X","Sources internationales sûres",""
"MK","Indicateurs macro","210","Suède","6109","Valeur en devise locale","22008","Produit Intérieur Brut","2017","2017","millions","4625094","X","Sources internationales sûres",""
"MK","Indicateurs macro","210","Suède","6109","Valeur en devise locale","22008","Produit Intérieur Brut","2018","2018","millions","4828306","X","Sources internationales sûres",""
"MK","Indicateurs macro","211","Suisse","6109","Valeur en devise locale","22008","Produit Intérieur Brut","2017","2017","millions","693694.125","X","Sources internationales sûres",""
"MK","Indicateurs macro","211","Suisse","6109","Valeur en devise locale","22008","Produit Intérieur Brut","2018","2018","millions","719613.789","X","Sources internationales sûres",""
"MK","Indicateurs macro","207","Suriname","6109","Valeur en devise locale","22008","Produit Intérieur Brut","2017","2017","millions","24081.641","X","Sources internationales sûres",""
"MK","Indicateurs macro","207","Suriname","6109","Valeur en devise locale","22008","Produit Intérieur Brut","2018","2018","millions","25854.568","X","Sources internationales sûres",""
"MK","Indicateurs macro","208","Tadjikistan","6109","Valeur en devise locale","22008","Produit Intérieur Brut","2017","2017","millions","64434.3","X","Sources internationales sûres",""
"MK","Indicateurs macro","208","Tadjikistan","6109","Valeur en devise locale","22008","Produit Intérieur Brut","2018","2018","millions","71059.2","X","Sources internationales sûres",""
"MK","Indicateurs macro","39","Tchad","6109","Valeur en devise locale","22008","Produit Intérieur Brut","2017","2017","millions","6035358","X","Sources internationales sûres",""
"MK","Indicateurs macro","39","Tchad","6109","Valeur en devise locale","22008","Produit Intérieur Brut","2018","2018","millions","6316526.1087","X","Sources internationales sûres",""
"MK","Indicateurs macro","167","Tchéquie","6109","Valeur en devise locale","22008","Produit Intérieur Brut","2017","2017","millions","5110743","X","Sources internationales sûres",""
"MK","Indicateurs macro","167","Tchéquie","6109","Valeur en devise locale","22008","Produit Intérieur Brut","2018","2018","millions","5408766","X","Sources internationales sûres",""
"MK","Indicateurs macro","216","Thaïlande","6109","Valeur en devise locale","22008","Produit Intérieur Brut","2017","2017","millions","15451959","X","Sources internationales sûres",""
"MK","Indicateurs macro","216","Thaïlande","6109","Valeur en devise locale","22008","Produit Intérieur Brut","2018","2018","millions","16316417","X","Sources internationales sûres",""
"MK","Indicateurs macro","176","Timor-Leste","6109","Valeur en devise locale","22008","Produit Intérieur Brut","2017","2017","millions","1599.338063","X","Sources internationales sûres",""
"MK","Indicateurs macro","176","Timor-Leste","6109","Valeur en devise locale","22008","Produit Intérieur Brut","2018","2018","millions","1559.894947","X","Sources internationales sûres",""
"MK","Indicateurs macro","217","Togo","6109","Valeur en devise locale","22008","Produit Intérieur Brut","2017","2017","millions","3713574","X","Sources internationales sûres",""
"MK","Indicateurs macro","217","Togo","6109","Valeur en devise locale","22008","Produit Intérieur Brut","2018","2018","millions","3961763.291142","X","Sources internationales sûres",""
"MK","Indicateurs macro","219","Tonga","6109","Valeur en devise locale","22008","Produit Intérieur Brut","2017","2017","millions","1017.668119","X","Sources internationales sûres",""
"MK","Indicateurs macro","219","Tonga","6109","Valeur en devise locale","22008","Produit Intérieur Brut","2018","2018","millions","1073.218945","X","Sources internationales sûres",""
"MK","Indicateurs macro","220","Trinité-et-Tobago","6109","Valeur en devise locale","22008","Produit Intérieur Brut","2017","2017","millions","151761.558692","X","Sources internationales sûres",""
"MK","Indicateurs macro","220","Trinité-et-Tobago","6109","Valeur en devise locale","22008","Produit Intérieur Brut","2018","2018","millions","160331.746265","X","Sources internationales sûres",""
"MK","Indicateurs macro","222","Tunisie","6109","Valeur en devise locale","22008","Produit Intérieur Brut","2017","2017","millions","96298.3","X","Sources internationales sûres",""
"MK","Indicateurs macro","222","Tunisie","6109","Valeur en devise locale","22008","Produit Intérieur Brut","2018","2018","millions","105268.48","X","Sources internationales sûres",""
"MK","Indicateurs macro","213","Turkménistan","6109","Valeur en devise locale","22008","Produit Intérieur Brut","2017","2017","millions","132703.114165","X","Sources internationales sûres",""
"MK","Indicateurs macro","213","Turkménistan","6109","Valeur en devise locale","22008","Produit Intérieur Brut","2018","2018","millions","142622.414999","X","Sources internationales sûres",""
"MK","Indicateurs macro","223","Turquie","6109","Valeur en devise locale","22008","Produit Intérieur Brut","2017","2017","millions","3133704.267","X","Sources internationales sûres",""
"MK","Indicateurs macro","223","Turquie","6109","Valeur en devise locale","22008","Produit Intérieur Brut","2018","2018","millions","3758315.621","X","Sources internationales sûres",""
"MK","Indicateurs macro","227","Tuvalu","6109","Valeur en devise locale","22008","Produit Intérieur Brut","2017","2017","millions","57.295185","X","Sources internationales sûres",""
"MK","Indicateurs macro","227","Tuvalu","6109","Valeur en devise locale","22008","Produit Intérieur Brut","2018","2018","millions","61.61935","X","Sources internationales sûres",""
"MK","Indicateurs macro","230","Ukraine","6109","Valeur en devise locale","22008","Produit Intérieur Brut","2017","2017","millions","2983882","X","Sources internationales sûres",""
"MK","Indicateurs macro","230","Ukraine","6109","Valeur en devise locale","22008","Produit Intérieur Brut","2018","2018","millions","3560596","X","Sources internationales sûres",""
"MK","Indicateurs macro","234","Uruguay","6109","Valeur en devise locale","22008","Produit Intérieur Brut","2017","2017","millions","1707108.630932","X","Sources internationales sûres",""
"MK","Indicateurs macro","234","Uruguay","6109","Valeur en devise locale","22008","Produit Intérieur Brut","2018","2018","millions","1831132.171439","X","Sources internationales sûres",""
"MK","Indicateurs macro","155","Vanuatu","6109","Valeur en devise locale","22008","Produit Intérieur Brut","2017","2017","millions","94887.4","X","Sources internationales sûres",""
"MK","Indicateurs macro","155","Vanuatu","6109","Valeur en devise locale","22008","Produit Intérieur Brut","2018","2018","millions","100771","X","Sources internationales sûres",""
"MK","Indicateurs macro","236","Venezuela (République bolivarienne du)","6109","Valeur en devise locale","22008","Produit Intérieur Brut","2017","2017","millions","150606854.894447","X","Sources internationales sûres",""
"MK","Indicateurs macro","236","Venezuela (République bolivarienne du)","6109","Valeur en devise locale","22008","Produit Intérieur Brut","2018","2018","millions","79260044395.708","X","Sources internationales sûres",""
"MK","Indicateurs macro","237","Viet Nam","6109","Valeur en devise locale","22008","Produit Intérieur Brut","2017","2017","millions","5005975000","X","Sources internationales sûres",""
"MK","Indicateurs macro","237","Viet Nam","6109","Valeur en devise locale","22008","Produit Intérieur Brut","2018","2018","millions","5542331870.40981","X","Sources internationales sûres",""
"MK","Indicateurs macro","249","Yémen","6109","Valeur en devise locale","22008","Produit Intérieur Brut","2017","2017","millions","5190031.619872","X","Sources internationales sûres",""
"MK","Indicateurs macro","249","Yémen","6109","Valeur en devise locale","22008","Produit Intérieur Brut","2018","2018","millions","5731455.718457","X","Sources internationales sûres",""
"MK","Indicateurs macro","251","Zambie","6109","Valeur en devise locale","22008","Produit Intérieur Brut","2017","2017","millions","246252","X","Sources internationales sûres",""
"MK","Indicateurs macro","251","Zambie","6109","Valeur en devise locale","22008","Produit Intérieur Brut","2018","2018","millions","282423.488921","X","Sources internationales sûres",""
"MK","Indicateurs macro","181","Zimbabwe","6109","Valeur en devise locale","22008","Produit Intérieur Brut","2017","2017","millions","22040.902301","X","Sources internationales sûres",""
"MK","Indicateurs macro","181","Zimbabwe","6109","Valeur en devise locale","22008","Produit Intérieur Brut","2018","2018","millions","24311.560545","X","Sources internationales sûres",""
